Workbook

Sheet 编者的话
A1: 车友们好，这里是狂野飙车9国服数据表！ 由于本表还有很多不完善的地方，所以邀请各位读者一起制作本表！ 如何为编辑表格做贡献 表格中红色的区域是错误的数据 黄色的区域是存疑的数据 如果你知道红色区域的准确值，请通过添加批注的方式告诉我们哟。 绿色的区域是经过确认的数据（也说不定有错误！） 蓝色的区域是经过遐想的数据。 如何为完善数据做贡献 1，留意你的车辆改装时的改装费用，和零件数量 2，留意你的车辆升星时的图纸数量 3，其他各种手段渠道获得的数据。 数据来源与感谢 本表格参考了硫化镉（国际服）的表格（https://www.bilibili.com/read/cv5556876） 车辆性能数据以国际服为准（并且考虑到了国服还未采用的国际服的平衡性调整！） 还要感谢表格制作人员，为数据做出贡献的小伙伴，和各位读者车友！

Sheet 全车数据表
B1: 车辆信息 | I1: 国际服 | J1: 满改数据 | O1: 满改氮效 | P1: 图纸 | X1: 金币改装（单项） | AM1: 零件改装（单项） | AW1: 速度加成 | AZ1: 车库等级卡牌包 | BA1: 获取方式 | BB1: 获取途径 | BO1: 特性
A2: 序号 | C2: 别名 | D2: 厂商 | E2: 代号 | F2: 级别 | G2: 星级 | H2: 版本 | I2: 性能分 | J2: 性能分 | K2: 极速 | L2: 加速 | M2: 操控 | N2: 氮气 | O2: 单喷时间 | P2: 品质 | Q2: 解锁 | R2: 二星 | S2: 三星 | T2: 四星 | U2: 五星 | V2: 六星 | W2: 总计 | X2: 1 | Y2: 2 | Z2: 3 | AA2: 4 | AB2: 5 | AC2: 6 | AD2: 7 | AE2: 8 | AF2: 9 | AG2: 10 | AH2: 11 | AI2: 12 | AJ2: 13 | AK2: 14 | AL2: 四项总计 | AM2: 蓝色零件 | AN2: 数量 | AO2: 紫色零件 | AP2: 数量 | AQ2: 金色零件 | AR2: 数量 | AS2: 史诗零件 | AT2: 数量 | AU2: 四项总计 | AV2: MAX费用 | AW2: 氮速 | AX2: 蓝速 | AY2: 空速 | BB2: 战利品 | BC2: 每日任务 | BD2: 级别杯 | BE2: 传奇商店 | BF2: 独家赛事 | BG2: 寻车 | BH2: 通行证 | BI2: 惊艳亮相 | BJ2: 经典多人 | BK2: 1V1多人 | BL2: 特殊赛事 | BM2: 大奖赛 | BN2: 联会赛事 | BO2: 钥匙 | BP2: 贴纸 | BQ2: 独占贴纸 | BR2: 外观套件 | BS2: 敞篷 | BT2: 氮气特效 | BU2: 商店金卡 | BV2: 关键词 | BW2: 图纸数量 | BX2: 精英赛 | BY2: 狂野大师 | BZ2: 大师条件
A3: 1 | B3: Mitsubishi Lancer Evolution | C3: 三菱 | D3: Mitsubishi | E3: lancer | F3: D | G3: ★★★ | H3: 1.3 | I3: 1381 | J3: 1381 | K3: 270.1 | L3: 55.03 | M3: 53.79 | N3: 68.19 | O3: 10.75 | P3: 特殊 | Q3: 5 | R3: 8 | S3: 30 | W3: 43 | X3: 4850 | Y3: 5200 | Z3: 5600 | AA3: 6200 | AB3: 6900 | AC3: 10500 | AD3: 14500 | AE3: 22000 | AF3: 28000 | AG3: 36000 | AL3: 559000 | AM3: 5000 | AN3: 5 | AO3: 10000 | AP3: 1 | AU3: 140000 | AV3: 699000 | AW3: 282 | AY3: 363 | AZ3: 1 | BA3: 级别杯 | BD3: 1 | BE3: 1 | BR3: 1 | BV3: 天赐三菱 | BY3: 1 | BZ3: 4
A4: 2 | B4: BMW Z4 LCI E89 | C4: Z4 | D4: BMW | E4: z4 | F4: D | G4: ★★★ | H4: 1.3 | I4: 1476 | J4: 1476 | K4: 266.8 | L4: 68.86 | M4: 47.43 | N4: 57.49 | O4: 7.466 | P4: 特殊 | Q4: 5 | R4: 8 | S4: 45 | W4: 58 | X4: 4850 | Y4: 5200 | Z4: 5600 | AA4: 6200 | AB4: 6900 | AC4: 10500 | AD4: 14500 | AE4: 22000 | AF4: 28000 | AG4: 35000 | AL4: 555000 | AM4: 5000 | AN4: 5 | AO4: 10000 | AP4: 1 | AU4: 140000 | AV4: 695000 | AW4: 278 | AY4: 359 | AZ4: 1 | BA4: 级别杯 | BD4: 1 | BE4: 1 | BS4: 可开合 | BV4: 宝马 | BY4: 1 | BZ4: 4
A5: 3 | B5: Chevrolet Camaro LT | C5: LT | D5: Chevrolet | E5: lt | F5: D | G5: ★★★ | H5: 1.3 | I5: 1546 | J5: 1546 | K5: 284.1 | L5: 64.81 | M5: 48.39 | N5: 63.29 | O5: 8.249 | P5: 特殊 | Q5: 5 | R5: 12 | S5: 30 | W5: 47 | X5: 4850 | Y5: 5200 | Z5: 5600 | AA5: 6200 | AB5: 6900 | AC5: 10500 | AD5: 14500 | AE5: 22000 | AF5: 28000 | AG5: 35000 | AL5: 555000 | AM5: 5000 | AN5: 5 | AO5: 10000 | AP5: 1 | AU5: 140000 | AV5: 695000 | AW5: 296 | AY5: 380 | AZ5: 1 | BA5: 级别杯 | BB5: 1 | BD5: 1 | BE5: 1 | BV5: 雪佛兰科迈罗 | BY5: 1 | BZ5: 4
A6: 4 | B6: Nissan 370Z Nismo | C6: 370 | D6: Nissan | E6: 370 | F6: D | G6: ★★★ | H6: 1.3 | I6: 1662 | J6: 1662 | K6: 268.5 | L6: 66.61 | M6: 81.83 | N6: 67.07 | O6: 10.35 | P6: 特殊 | Q6: 10 | R6: 12 | S6: 30 | W6: 52 | X6: 4000 | Y6: 5000 | Z6: 5500 | AA6: 6000 | AB6: 7000 | AC6: 10000 | AD6: 15000 | AE6: 22000 | AF6: 28000 | AG6: 36000 | AL6: 554000 | AM6: 5000 | AN6: 5 | AO6: 10000 | AP6: 1 | AU6: 140000 | AV6: 694000 | AW6: 280 | AY6: 361 | AZ6: 1 | BA6: 级别杯 | BB6: 1 | BD6: 1 | BE6: 1 | BV6: 日产 尼桑 | BY6: 1 | BZ6: 4
A7: 5 | B7: Dodge Challenger SRT8 | C7: srt8 | D7: Dodge | E7: srt8 | F7: D | G7: ★★★ | H7: 1.3 | I7: 1687 | J7: 1683 | K7: 308.4 | L7: 71.92 | M7: 37.98 | N7: 45.41 | O7: 5.05 | P7: 特殊 | Q7: 15 | R7: 20 | S7: 30 | W7: 65 | X7: 4000 | Y7: 5000 | Z7: 5500 | AA7: 6000 | AB7: 7000 | AC7: 10000 | AD7: 15000 | AE7: 22000 | AF7: 28000 | AG7: 36000 | AL7: 554000 | AM7: 5000 | AN7: 5 | AO7: 10000 | AP7: 1 | AU7: 140000 | AV7: 694000 | AW7: 321 | AY7: 410 | AZ7: 1 | BA7: 级别杯 | BD7: 1 | BE7: 1 | BV7: 道奇 挑战者 送人头 e霸 | BY7: 1 | BZ7: 4
A8: 6 | B8: KTM X-Bow GTX | C8: GTX | D8: KTM | E8: gtx | F8: D | G8: ★★★ | H8: 4.1 | I8: 1738 | J8: 1738 | K8: 247.5 | L8: 83.84 | M8: 64.99 | N8: 66.99 | P8: 特殊 | Q8: 20 | R8: 25 | S8: 30 | W8: 75 | X8: 6000 | Y8: 6500 | Z8: 7000 | AA8: 8000 | AB8: 9000 | AC8: 14000 | AD8: 19000 | AE8: 29000 | AF8: 36500 | AG8: 46000 | AL8: 724000 | AM8: 6000 | AN8: 5 | AO8: 12000 | AP8: 1 | AU8: 168000 | AV8: 892000 | AW8: 258 | AX8: 274 | AY8: 350 | BA8: 周末爆冲
A9: 7 | B9: Volkswagen XL Sport Concept | C9: 大众 | D9: Volkswagen | E9: xl | F9: D | G9: ★★★ | H9: 1.3 | I9: 1814 | J9: 1814 | K9: 291.2 | L9: 60.31 | M9: 62.02 | N9: 61.94 | O9: 7.65 | P9: 特殊 | Q9: 15 | R9: 20 | S9: 30 | W9: 65 | X9: 6350 | Y9: 6800 | Z9: 7300 | AA9: 8200 | AB9: 9100 | AC9: 13500 | AD9: 19000 | AE9: 29000 | AF9: 36500 | AG9: 46000 | AL9: 727000 | AM9: 7500 | AN9: 5 | AO9: 15000 | AP9: 1 | AU9: 210000 | AV9: 937000 | AW9: 303 | AY9: 389 | AZ9: 1 | BA9: 级别杯 | BD9: 1 | BE9: 1 | BV9: 大众
A10: 8 | B10: BMW 3.0 CSL Hommage | C10: 宝马3.0 | D10: BMW | E10: hommage | F10: D | G10: ★★★ | H10: 1.3 | I10: 1826 | J10: 1827 | K10: 297.5 | L10: 73.39 | M10: 50.08 | N10: 51.2 | O10: 5.782 | P10: 特殊 | Q10: 20 | R10: 20 | S10: 30 | W10: 70 | X10: 6350 | Y10: 6800 | Z10: 7300 | AA10: 8200 | AB10: 9100 | AC10: 13500 | AD10: 19000 | AE10: 29000 | AF10: 36500 | AG10: 46000 | AL10: 727000 | AM10: 7500 | AN10: 5 | AO10: 15000 | AP10: 1 | AU10: 210000 | AV10: 937000 | AW10: 310 | AY10: 396 | AZ10: 1 | BA10: 级别杯 | BD10: 1 | BE10: 1 | BV10: 宝马 | BY10: 1 | BZ10: 4
A11: 9 | B11: Chevrolet Camaro ZL1 50TH Edition | C11: 50th | D11: Chevrolet | E11: 50th | F11: D | G11: ★★★ | H11: 1.3 | I11: 1971 | J11: 1971 | K11: 272.1 | L11: 78.14 | M11: 83.14 | N11: 72.33 | O11: 13.016 | P11: 特殊 | Q11: 20 | R11: 20 | S11: 30 | W11: 70 | X11: 7500 | Y11: 10000 | Z11: 11000 | AA11: 12000 | AB11: 15000 | AC11: 20000 | AD11: 28000 | AE11: 43000 | AF11: 55000 | AG11: 69000 | AL11: 1082000 | AM11: 7500 | AN11: 5 | AO11: 15000 | AP11: 1 | AU11: 210000 | AV11: 1292000 | AW11: 284 | AY11: 365 | AZ11: 8 | BA11: 传奇商店 | BE11: 1 | BQ11: 1款 | BR11: 1 | BV11: 雪佛兰 科迈罗 | BX11: 1
A12: 10 | B12: DS Automobiles DS E-Tense | C12: DS | D12: DS Automobiles | E12: ds | F12: D | G12: ★★★ | H12: 1.3 | I12: 1976 | J12: 1976 | K12: 270.1 | L12: 76.07 | M12: 81.27 | N12: 72.3 | O12: 13.1 | P12: 特殊 | Q12: 20 | R12: 25 | S12: 30 | W12: 75 | AM12: 7500 | AN12: 5 | AO12: 15000 | AP12: 1 | AU12: 210000 | AW12: 282 | AY12: 363 | AZ12: 8 | BA12: 级别杯 | BQ12: 2022虎年春节 | BV12: 屌丝龙 | BX12: 1
A13: 11 | B13: Porsche Boxster 25th | C13: Boxster | D13: Porsche | E13: boxster | F13: D | G13: ★★★★ | H13: 3.9 | I13: 1844 | J13: 1985 | K13: 298.7 | L13: 72.12 | M13: 46.1 | N13: 54.35 | P13: 稀有 | Q13: 20 | R13: 30 | S13: 41 | T13: 45 | W13: 136 | X13: 7500 | Y13: 10000 | Z13: 14000 | AA13: 18000 | AB13: 26000 | AC13: 35000 | AD13: 50000 | AE13: 61000 | AF13: 68000 | AG13: 73000 | AH13: 77000 | AL13: 1758000 | AM13: 16500 | AN13: 7 | AO13: 33000 | AP13: 2 | AQ13: 99000 | AR13: 1 | AU13: 1122000 | AV13: 2880000 | AW13: 311 | AY13: 398 | BA13: 周末爆冲 | BG13: 1 | BV13: 保时捷 | BY13: 1 | BZ13: 6
A14: 12 | B14: Nissan Leaf Nismo RC | C14: RC | D14: Nissan | E14: rc | F14: D | G14: ★★★★ | H14: 2.2 | I14: 1569 | J14: 2101 | K14: 250.6 | L14: 78.87 | M14: 59.91 | N14: 65.03 | O14: 11.4 | P14: 特殊 | Q14: 30 | R14: 12 | S14: 18 | T14: 28 | W14: 88 | X14: 6000 | Y14: 6500 | Z14: 7000 | AA14: 8000 | AB14: 9000 | AC14: 14000 | AD14: 19000 | AE14: 29000 | AF14: 36500 | AG14: 46000 | AH14: 47000 | AL14: 912000 | AM14: 9000 | AN14: 7 | AO14: 18000 | AP14: 2 | AQ14: 54000 | AR14: 1 | AU14: 612000 | AV14: 1524000 | AW14: 261 | AX14: 284 | AY14: 361 | AZ14: 1 | BA14: 寻车 | BD14: 1 | BG14: 1 | BV14: 日产 尼桑 聆风
A15: 13 | B15: BMW i8 Roadster | C15: i8 | D15: BMW | E15: i8 | F15: D | G15: ★★★★ | H15: 2.7 | I15: 2247 | J15: 2122 | K15: 273.1 | L15: 79.73 | M15: 78.63 | N15: 66.87 | P15: 特殊 | Q15: 20 | R15: 30 | S15: 41 | T15: 45 | W15: 136 | X15: 15000 | Y15: 19000 | Z15: 25000 | AA15: 33000 | AB15: 47000 | AC15: 63000 | AD15: 89000 | AE15: 108000 | AF15: 120000 | AG15: 130000 | AH15: 136000 | AM15: 9000 | AN15: 7 | AO15: 18000 | AP15: 2 | AQ15: 54000 | AR15: 1 | AU15: 612000 | AW15: 285 | AX15: 294 | AY15: 375 | BA15: 联会赛事 | BN15: 1 | BS15: 可开合 | BV15: 宝马 | BX15: 1
A16: 14 | B16: Italdesign Davinci | C16: 达芬奇 | D16: Italdesign | E16: davinci | F16: D | G16: ★★★★ | H16: 2.9 | I16: 2217 | J16: 2210 | K16: 278 | L16: 83.52 | M16: 73.57 | N16: 55.34 | P16: 稀有 | Q16: 20 | R16: 30 | S16: 41 | T16: 45 | W16: 136 | X16: 7500 | Y16: 10000 | Z16: 14000 | AA16: 18000 | AB16: 26000 | AC16: 35000 | AD16: 50000 | AE16: 61000 | AF16: 68000 | AG16: 73000 | AH16: 77000 | AL16: 1758000 | AM16: 10000 | AN16: 7 | AO16: 20000 | AP16: 2 | AQ16: 60000 | AR16: 1 | AU16: 680000 | AV16: 2438000 | AW16: 290 | AY16: 372 | BA16: 联会赛事 | BE16: 1 | BN16: 1 | BU16: 1 | BV16: 达芬奇 id
A17: 15 | B17: Renault Dezir | C17: Dezir | D17: Renault | E17: dezir | F17: D | G17: ★★★★ | H17: 3.6 | I17: 2213 | J17: 2213 | K17: 293.2 | L17: 65.56 | M17: 69.43 | N17: 68.44 | P17: 稀有 | Q17: 25 | R17: 32 | S17: 40 | T17: 48 | W17: 145 | X17: 7500 | Y17: 10000 | Z17: 14000 | AA17: 18000 | AB17: 26000 | AC17: 35000 | AD17: 50000 | AE17: 61000 | AF17: 68000 | AG17: 73000 | AH17: 77000 | AL17: 1758000 | AM17: 10000 | AN17: 7 | AO17: 20000 | AP17: 2 | AQ17: 60000 | AR17: 1 | AU17: 680000 | AV17: 2438000 | AW17: 306 | AY17: 391 | BA17: 联会赛事 | BN17: 1 | BV17: 雷诺 | BX17: 1
A18: 16 | B18: Peugeot SR1 | C18: SR1 | D18: Peugeot | E18: sr1 | F18: D | G18: ★★★★ | H18: 3.8 | I18: 2307 | J18: 2307 | K18: 310.5 | L18: 71.51 | M18: 52.39 | N18: 31.19 | P18: 稀有 | Q18: 25 | R18: 32 | S18: 40 | T18: 48 | W18: 145 | X18: 7500 | Y18: 10000 | Z18: 14000 | AA18: 18000 | AB18: 26000 | AC18: 35000 | AD18: 50000 | AE18: 61000 | AF18: 68000 | AG18: 73000 | AH18: 77000 | AL18: 1758000 | AM18: 20000 | AN18: 7 | AO18: 40000 | AP18: 2 | AQ18: 120000 | AR18: 1 | AU18: 1360000 | AV18: 3118000 | AW18: 323 | AY18: 412 | BA18: 周末爆冲 | BG18: 1 | BV18: 标致
A19: 17 | B19: Infiniti Project Black S | C19: 英菲尼迪 | D19: Infiniti | E19: infiniti | F19: D | G19: ★★★★ | H19: 2.8 | I19: 2368 | J19: 2371 | K19: 281.5 | L19: 76.19 | M19: 66.98 | N19: 64.67 | P19: 稀有 | Q19: 30 | R19: 23 | S19: 33 | T19: 42 | W19: 128 | X19: 10000 | Y19: 15000 | Z19: 20000 | AA19: 25000 | AB19: 36000 | AC19: 48000 | AD19: 68000 | AE19: 82000 | AF19: 90000 | AG19: 99000 | AH19: 102000 | AL19: 2380000 | AM19: 10000 | AN19: 7 | AO19: 20000 | AP19: 2 | AQ19: 60000 | AR19: 1 | AU19: 680000 | AV19: 3060000 | AW19: 293 | AY19: 377 | BA19: 寻车 | BG19: 1 | BV19: 英菲尼迪 | BX19: 1 | BY19: 1 | BZ19: 5
A20: 18 | B20: Lotus Emeya | C20: Emeya | D20: Lotus | E20: emeya | F20: D | G20: ★★★★ | H20: 5.6 | J20: 2402 | K20: 276.5 | L20: 81.79 | M20: 75.33 | N20: 67.23 | P20: 稀有 | Q20: 30 | R20: 23 | S20: 33 | T20: 42 | W20: 128 | X20: 15000 | Y20: 19000 | Z20: 25000 | AA20: 33000 | AB20: 47000 | AC20: 63000 | AD20: 89000 | AE20: 108000 | AF20: 120000 | AG20: 130000 | AH20: 136000 | AL20: 3140000 | AM20: 16000 | AN20: 7 | AO20: 32000 | AP20: 2 | AQ20: 96000 | AR20: 1 | AU20: 1088000 | AV20: 4228000 | BA20: 通行证 | BV20: 繁花 路特斯 莲花
A21: 19 | B21: Porsche 911 Carrera RS 3.8 | C21: Carrera RS | D21: Porsche | E21: carrerars | F21: D | G21: ★★★★ | H21: 4.8 | J21: 2435 | K21: 301.9 | L21: 72.15 | M21: 71.66 | N21: 35.99 | P21: 稀有 | Q21: 30 | R21: 32 | S21: 40 | T21: 50 | X21: 15000 | Y21: 19000 | Z21: 25000 | AA21: 33000 | AB21: 47000 | AC21: 63000 | AD21: 89000 | AE21: 108000 | AF21: 120000 | AM21: 18000 | AN21: 7 | AO21: 36000 | AP21: 2 | AQ21: 108000 | AR21: 1 | AU21: 1224000 | AW21: 315 | AY21: 402 | BA21: 周末爆冲
A22: 20 | B22: Hyundai Ioniq 5 N | C22: 5N | D22: Hyundai | E22: ioniq | F22: D | G22: ★★★★ | H22: 5.5 | J22: 2559 | K22: 275.9 | L22: 88.63 | M22: 80.51 | N22: 63.38 | P22: 史诗 | Q22: 20 | R22: 30 | S22: 41 | T22: 45 | W22: 136 | BA22: 联会赛事 | BV22: 现代
A23: 21 | B23: Lotus Emira | C23: Emira | D23: Lotus | E23: emira | F23: D | G23: ★★★★ | H23: 3.4 | I23: 2611 | J23: 2612 | K23: 307.4 | L23: 70.86 | M23: 57.47 | N23: 53.42 | P23: 稀有 | Q23: 25 | R23: 32 | S23: 40 | T23: 48 | W23: 145 | X23: 10000 | Y23: 15000 | Z23: 20000 | AA23: 25000 | AB23: 36000 | AC23: 48000 | AD23: 68000 | AE23: 82000 | AF23: 90000 | AG23: 99000 | AH23: 102000 | AL23: 2380000 | AM23: 20000 | AN23: 7 | AO23: 40000 | AP23: 2 | AQ23: 120000 | AR23: 1 | AU23: 1360000 | AV23: 3740000 | AW23: 320 | AY23: 409 | BA23: 周末爆冲 | BG23: 1 | BQ23: 1款 | BV23: 路特斯 | BY23: 1 | BZ23: 5
A24: 22 | B24: Lamborghini Countach 25th Anniversary | C24: 康塔什 | D24: Lamborghini | E24: countach | F24: D | G24: ★★★★ | H24: 3.7 | I24: 2498 | J24: 2618 | K24: 305.4 | L24: 71.43 | M24: 65.58 | N24: 48.39 | P24: 稀有 | Q24: 25 | R24: 32 | S24: 40 | T24: 48 | W24: 145 | X24: 10000 | Y24: 15000 | Z24: 20000 | AA24: 25000 | AB24: 36000 | AC24: 48000 | AD24: 68000 | AE24: 82500 | AF24: 90000 | AG24: 99000 | AH24: 102000 | AL24: 2382000 | AM24: 20000 | AN24: 7 | AO24: 40000 | AP24: 2 | AQ24: 120000 | AR24: 1 | AU24: 1360000 | AV24: 3742000 | AW24: 318 | AY24: 406 | BA24: 周末爆冲 | BG24: 1 | BV24: 兰博基尼 | BY24: 1 | BZ24: 6
A25: 23 | B25: Praga R1 | C25: Praga | D25: Praga | E25: praga | F25: D | G25: ★★★★ | H25: 3.9 | I25: 2624 | J25: 2624 | K25: 283.3 | L25: 87.8 | M25: 62.25 | N25: 60.92 | P25: 稀有 | Q25: 25 | R25: 32 | S25: 40 | T25: 48 | X25: 15750 | Y25: 19700 | Z25: 25600 | AA25: 33400 | AB25: 47200 | AC25: 63000 | AD25: 88500 | AE25: 108000 | AF25: 120000 | AG25: 130000 | AH25: 136000 | AL25: 3148600 | AM25: 22500 | AN25: 7 | AO25: 45000 | AP25: 2 | AQ25: 135000 | AR25: 1 | AU25: 1530000 | AV25: 4678600 | AW25: 295 | AY25: 379 | BA25: 联会赛事 | BN25: 1
A26: 24 | B26: Ginetta G60 | C26: G60 | D26: Ginetta | E26: g60 | F26: D | G26: ★★★★ | H26: 1.8 | I26: 2646 | J26: 2632 | K26: 290.7 | L26: 71.51 | M26: 74.81 | N26: 62.66 | O26: 7.85 | P26: 特殊 | Q26: 30 | R26: 32 | S26: 40 | T26: 50 | W26: 152 | X26: 12050 | Y26: 15000 | Z26: 19500 | AA26: 25600 | AF26: 169000 | AG26: 188000 | AM26: 12500 | AN26: 7 | AO26: 25000 | AP26: 2 | AQ26: 75000 | AR26: 1 | AU26: 850000 | AW26: 303 | AY26: 388 | BA26: 寻车 | BG26: 1 | BQ26: 1款
A27: 25 | B27: Glickenhaus 004C🔑 | C27: 004C | D27: Glickenhaus | E27: 004c | F27: D | G27: ★★★★★ | H27: 3.8 | I27: 3075 | J27: 2840 | K27: 311.2 | L27: 76.75 | M27: 56.89 | N27: 60.87 | P27: 史诗 | Q27: 🔑 | R27: 30 | S27: 35 | T27: 42 | U27: 50 | W27: 157 | X27: 15000 | Y27: 20000 | Z27: 31000 | AA27: 40000 | AB27: 56000 | AC27: 75000 | AD27: 106000 | AE27: 144000 | AF27: 169000 | AG27: 188000 | AH27: 194000 | AI27: 200000 | AL27: 4952000 | AM27: 22500 | AN27: 8 | AO27: 45000 | AP27: 5 | AQ27: 135000 | AR27: 3 | AU27: 3240000 | AV27: 8192000 | AW27: 324 | AY27: 413 | BA27: 大奖赛 | BM27: 1 | BO27: 1 | BY27: 1 | BZ27: 6
A28: 26 | B28: Alfa Romeo Giulia GTAm🔑 | C28: Giulia | D28: Alfa Romeo | E28: giulia | F28: D | G28: ★★★★★ | H28: 4.5 | J28: 2895 | K28: 312.2 | L28: 77.28 | M28: 45.17 | N28: 47.09 | P28: 史诗 | Q28: 🔑 | R28: 30 | S28: 35 | T28: 42 | U28: 50 | X28: 15000 | Y28: 20000 | Z28: 31000 | AA28: 40000 | AB28: 56000 | AC28: 75000 | AD28: 106000 | AE28: 144000 | AF28: 169000 | AG28: 188000 | AH28: 194000 | AI28: 200000 | AL28: 4952000 | AM28: 24000 | AN28: 8 | AO28: 48000 | AP28: 5 | AQ28: 144000 | AR28: 3 | AU28: 3456000 | AV28: 8408000 | BA28: 大奖赛 | BM28: 1 | BO28: 1 | BV28: 阿尔法罗密欧
A29: 27 | B29: Toyota GR Supra Racing Concept | C29: Supra | D29: Toyota | E29: supraracing | F29: D | G29: ★★★★★ | H29: 5.4 | J29: 2930 | K29: 312 | L29: 71.98 | M29: 61.16 | N29: 53.66 | P29: 史诗 | Q29: 30 | R29: 12 | S29: 18 | T29: 27 | U29: 38 | W29: 125 | X29: 15000 | Y29: 20000 | Z29: 31000 | AA29: 40000 | AB29: 56000 | AC29: 75000 | AD29: 106000 | AE29: 144000 | AF29: 169000 | AG29: 188000 | AH29: 194000 | AI29: 200000 | AL29: 4952000 | AM29: 24000 | AN29: 8 | AO29: 48000 | AP29: 5 | AQ29: 144000 | AR29: 3 | AU29: 3456000 | AV29: 8408000 | BA29: 通行证
A30: 28 | B30: Ford Mustang Mach-E1400🔑 | C30: 电马 | D30: Ford | E30: e1400 | F30: D | G30: ★★★★★ | H30: 4.4 | J30: 3097 | K30: 301.2 | L30: 82.87 | M30: 51.83 | N30: 64.82 | P30: 史诗 | Q30: 🔑 | R30: 30 | S30: 35 | T30: 42 | U30: 50 | X30: 15000 | Y30: 20000 | Z30: 31000 | AA30: 40000 | AB30: 56000 | AC30: 75000 | AD30: 106000 | AE30: 144000 | AF30: 169000 | AG30: 188000 | AH30: 194000 | AI30: 200000 | AL30: 4952000 | AM30: 22750 | AN30: 8 | AO30: 45500 | AP30: 5 | AQ30: 136500 | AR30: 3 | AU30: 3276000 | AV30: 8228000 | AW30: 314 | BA30: 大奖赛 | BM30: 1 | BO30: 1 | BV30: 福特 野马
A31: 29 | B31: Kimera EVO37🔑 | C31: EVO37 | D31: Kimera | E31: evo37 | F31: D | G31: ★★★★★ | H31: 5.2 | J31: 3108 | K31: 297.8 | L31: 80.98 | M31: 78.18 | N31: 57.43 | P31: 史诗 | Q31: 🔑 | R31: 30 | S31: 35 | T31: 42 | U31: 50 | X31: 15000 | Y31: 20000 | Z31: 31000 | AA31: 40000 | AB31: 56000 | AC31: 75000 | AD31: 106000 | AE31: 144000 | AF31: 169000 | AG31: 188000 | AH31: 194000 | AI31: 200000 | AL31: 4952000 | AM31: 28000 | AN31: 8 | AO31: 56000 | AP31: 5 | AQ31: 168000 | AR31: 3 | AU31: 4032000 | AV31: 8984000 | BA31: 大奖赛 | BO31: 1
A32: 30 | B32: Lotus Evora Sport 410 | C32: 大莲花 | D32: Lotus | E32: 410 | F32: C | G32: ★★★ | H32: 1.3 | I32: 2123 | J32: 2123 | K32: 317.7 | L32: 71.7 | M32: 50.92 | N32: 47.05 | O32: 5.133 | P32: 特殊 | Q32: 20 | R32: 30 | S32: 50 | W32: 100 | X32: 6000 | Y32: 8000 | Z32: 9000 | AA32: 10000 | AB32: 12000 | AC32: 18000 | AD32: 25000 | AE32: 37000 | AF32: 46000 | AG32: 58000 | AL32: 916000 | AM32: 9000 | AN32: 4 | AO32: 18000 | AP32: 1 | AQ32: 54000 | AR32: 1 | AU32: 432000 | AV32: 1348000 | AW32: 331 | AY32: 422 | AZ32: 1 | BA32: 级别杯 | BB32: 1 | BD32: 1 | BE32: 1 | BU32: 1 | BV32: 路特斯 大莲花 | BY32: 1 | BZ32: 5
A33: 31 | B33: Dodge Challenger 392 Hemi Scat Pack | C33: 392 | D33: Dodge | E33: 392 | F33: C | G33: ★★★ | H33: 1.3 | I33: 2144 | J33: 2152 | K33: 302.7 | L33: 73.64 | M33: 43.57 | N33: 62.82 | O33: 7.48 | P33: 特殊 | Q33: 20 | R33: 30 | S33: 50 | W33: 100 | X33: 6000 | Y33: 8000 | Z33: 9000 | AA33: 10000 | AB33: 12000 | AC33: 18000 | AD33: 25000 | AE33: 37000 | AF33: 46000 | AG33: 58000 | AL33: 916000 | AM33: 9000 | AN33: 4 | AO33: 18000 | AP33: 1 | AQ33: 54000 | AR33: 1 | AU33: 432000 | AV33: 1348000 | AW33: 315 | AY33: 403 | AZ33: 1 | BA33: 级别杯 | BD33: 1 | BE33: 1 | BU33: 1 | BV33: 道奇 挑战者 | BY33: 1 | BZ33: 5
A34: 32 | B34: Porsche 911 GTS Coupe | C34: 911GTS | D34: Porsche | E34: 911 | F34: C | G34: ★★★ | H34: 1.3 | I34: 2186 | J34: 2185 | K34: 328.7 | L34: 71.21 | M34: 45.84 | N34: 56.6 | O34: 5.983 | P34: 特殊 | Q34: 25 | R34: 30 | S34: 50 | W34: 105 | X34: 6000 | Y34: 8000 | Z34: 9000 | AA34: 10000 | AB34: 12000 | AC34: 18000 | AD34: 25000 | AE34: 37000 | AF34: 46000 | AG34: 58000 | AL34: 916000 | AM34: 9000 | AN34: 4 | AO34: 18000 | AP34: 1 | AQ34: 54000 | AR34: 1 | AU34: 432000 | AV34: 1348000 | AW34: 342 | AY34: 441 | AZ34: 1 | BA34: 级别杯 | BD34: 1 | BE34: 1 | BR34: 1 | BU34: 1 | BV34: 保时捷 | BY34: 1 | BZ34: 5
A35: 33 | B35: Mercedes-Benz AMG GT S | C35: AMG | D35: Mercedes-Benz | E35: amg | F35: C | G35: ★★★ | H35: 1.3 | I35: 2281 | J35: 2281 | K35: 329.4 | L35: 71.34 | M35: 42.69 | N35: 54.66 | O35: 5.749 | P35: 特殊 | Q35: 25 | R35: 30 | S35: 50 | W35: 105 | X35: 6000 | Y35: 8000 | Z35: 10000 | AA35: 12000 | AB35: 15000 | AC35: 22000 | AD35: 31000 | AE35: 48000 | AF35: 60000 | AG35: 75000 | AL35: 1148000 | AM35: 10000 | AN35: 4 | AO35: 20000 | AP35: 1 | AQ35: 60000 | AR35: 1 | AU35: 480000 | AV35: 1628000 | AW35: 343 | AY35: 442 | AZ35: 1 | BA35: 级别杯 | BD35: 1 | BE35: 1 | BR35: 1 | BU35: 1 | BV35: 奔驰 | BY35: 1 | BZ35: 5
A36: 34 | B36: Aston Martin DB11 | C36: DB11 | D36: Aston Martin | E36: db11 | F36: C | G36: ★★★ | H36: 1.3 | I36: 2330 | J36: 2330 | K36: 340.4 | L36: 74.2 | M36: 43.21 | N36: 55.4 | O36: 5.666 | P36: 特殊 | Q36: 25 | R36: 30 | S36: 50 | W36: 105 | X36: 6000 | Y36: 8000 | Z36: 10000 | AA36: 12000 | AB36: 15000 | AC36: 22000 | AD36: 31000 | AE36: 48000 | AF36: 60000 | AG36: 75000 | AL36: 1148000 | AM36: 10000 | AN36: 4 | AO36: 20000 | AP36: 1 | AQ36: 60000 | AR36: 1 | AU36: 480000 | AV36: 1628000 | AW36: 354 | AY36: 462 | AZ36: 1 | BA36: 级别杯 | BE36: 1 | BG36: 1 | BU36: 1 | BV36: 阿斯顿马丁 | BY36: 1 | BZ36: 5
A37: 35 | B37: Porsche 718 Cayman | C37: 718 | D37: Porsche | E37: 718 | F37: C | G37: ★★★★ | H37: 1.3 | I37: 2360 | J37: 2344 | K37: 295.6 | L37: 70.52 | M37: 61.9 | N37: 60.28 | O37: 7.17 | P37: 特殊 | Q37: 25 | R37: 18 | S37: 21 | T37: 32 | W37: 96 | X37: 6000 | Y37: 8000 | Z37: 9000 | AA37: 10000 | AB37: 12000 | AC37: 18000 | AD37: 25000 | AE37: 37000 | AF37: 46000 | AG37: 48000 | AH37: 50000 | AL37: 1076000 | AM37: 10000 | AN37: 6 | AO37: 20000 | AP37: 3 | AQ37: 60000 | AR37: 1 | AU37: 720000 | AV37: 1796000 | AW37: 308 | AY37: 394 | AZ37: 1 | BA37: 级别杯 | BD37: 1 | BE37: 1 | BG37: 1 | BR37: 1 | BU37: 1 | BV37: 保时捷
A38: 36 | B38: Lotus Elise Sprint 220 | C38: 小莲花 | D38: Lotus | E38: 220 | F38: C | G38: ★★★★ | H38: 1.3 | I38: 2390 | J38: 2363 | K38: 269.5 | L38: 82.25 | M38: 83.47 | N38: 72.71 | O38: 13.382 | P38: 特殊 | Q38: 25 | R38: 18 | S38: 21 | T38: 32 | W38: 96 | X38: 7400 | Y38: 8100 | Z38: 9600 | AA38: 11900 | AB38: 17800 | AC38: 23500 | AD38: 33500 | AE38: 40500 | AF38: 44500 | AG38: 49000 | AH38: 50000 | AL38: 1183200 | AM38: 10000 | AN38: 6 | AO38: 20000 | AP38: 3 | AQ38: 60000 | AR38: 1 | AU38: 720000 | AV38: 1903200 | AW38: 282 | AY38: 363 | AZ38: 5 | BA38: 寻车 | BD38: 1 | BG38: 1 | BQ38: 1款 | BV38: 路特斯 小莲花
A39: 37 | B39: BMW M4 GTS | C39: m4 | D39: BMW | E39: m4 | F39: C | G39: ★★★ | H39: 1.3 | I39: 2447 | J39: 2447 | K39: 326.5 | L39: 73.72 | M39: 51.19 | N39: 52.48 | O39: 5.549 | P39: 特殊 | Q39: 25 | R39: 30 | S39: 50 | W39: 105 | X39: 13150 | Y39: 14100 | Z39: 15000 | AA39: 16900 | AB39: 18800 | AC39: 28000 | AD39: 39500 | AE39: 60000 | AF39: 75000 | AG39: 95000 | AL39: 1501800 | AM39: 10000 | AN39: 4 | AO39: 20000 | AP39: 1 | AQ39: 60000 | AR39: 1 | AU39: 480000 | AV39: 1981800 | AW39: 340 | AY39: 437 | AZ39: 1 | BA39: 级别杯 | BD39: 1 | BE39: 1 | BG39: 1 | BU39: 1 | BV39: 宝马
A40: 38 | B40: Jaguar F-Type SVR | C40: 捷豹 | D40: Jaguar | E40: svr | F40: C | G40: ★★★★ | H40: 1.3 | I40: 2500 | J40: 2487 | K40: 340.3 | L40: 75.55 | M40: 49.28 | N40: 50.12 | O40: 5.166 | P40: 特殊 | Q40: 30 | R40: 18 | S40: 21 | T40: 32 | W40: 101 | X40: 9400 | Y40: 10300 | Z40: 12200 | AA40: 15000 | AB40: 22500 | AC40: 30000 | AD40: 42000 | AE40: 51500 | AF40: 56500 | AG40: 62000 | AH40: 64000 | AM40: 10000 | AN40: 6 | AO40: 20000 | AP40: 3 | AQ40: 60000 | AR40: 1 | AU40: 720000 | AW40: 354 | AY40: 461 | BA40: 级别杯 | BE40: 1 | BG40: 1 | BQ40: 1款 | BU40: 1 | BV40: 捷豹 | BX40: 1 | BY40: 1 | BZ40: 5
A41: 39 | B41: Ford Shelby GT350R | C41: 野马 | D41: Ford | E41: gt350r | F41: C | G41: ★★★★ | H41: 1.3 | I41: 2548 | J41: 2531 | K41: 299.7 | L41: 75.06 | M41: 58.97 | N41: 52.93 | O41: 5.93 | P41: 特殊 | Q41: 30 | R41: 18 | S41: 21 | T41: 32 | W41: 101 | X41: 6000 | Y41: 8000 | Z41: 9000 | AA41: 10000 | AB41: 12000 | AC41: 18000 | AD41: 25000 | AE41: 37000 | AF41: 46000 | AG41: 48000 | AH41: 50000 | AL41: 1076000 | AM41: 10000 | AN41: 6 | AO41: 20000 | AP41: 3 | AQ41: 60000 | AR41: 1 | AU41: 720000 | AV41: 1796000 | AW41: 313 | AY41: 400 | AZ41: 1 | BA41: 级别杯 | BE41: 1 | BG41: 1 | BU41: 1 | BV41: 野马 福特 | BY41: 1 | BZ41: 6
A42: 40 | B42: Porsche 911 Targa 4S | C42: Targa | D42: Porsche | E42: targa | F42: C | G42: ★★★★ | H42: 1.9 | I42: 2589 | J42: 2571 | K42: 315 | L42: 75.37 | M42: 41.56 | N42: 38.33 | O42: 4.483 | P42: 特殊 | Q42: 35 | R42: 18 | S42: 21 | T42: 32 | W42: 106 | X42: 9400 | Y42: 10300 | Z42: 12200 | AA42: 15000 | AB42: 22500 | AC42: 30000 | AD42: 42000 | AE42: 51500 | AF42: 56500 | AG42: 62000 | AH42: 64000 | AM42: 10000 | AN42: 6 | AO42: 20000 | AP42: 3 | AQ42: 60000 | AR42: 1 | AU42: 720000 | AW42: 328 | AY42: 418 | AZ42: 3 | BA42: 寻车 | BD42: 1 | BG42: 1 | BQ42: 1款 | BS42: 可开合 | BV42: 保时捷
A43: 41 | B43: Honda Civic Type-R | C43: 思域 | D43: Honda | E43: civic | F43: C | G43: ★★★★ | H43: 2.0 | I43: 2698 | J43: 2627 | K43: 285.1 | L43: 82.09 | M43: 68.41 | N43: 62.55 | O43: 7.98 | P43: 特殊 | Q43: 35 | R43: 18 | S43: 21 | T43: 32 | W43: 106 | X43: 8000 | Y43: 12000 | Z43: 15000 | AA43: 19000 | AB43: 28000 | AC43: 37000 | AD43: 52000 | AE43: 64000 | AF43: 70000 | AG43: 76000 | AH43: 79000 | AL43: 1840000 | AM43: 12500 | AN43: 6 | AO43: 25000 | AP43: 3 | AQ43: 75000 | AR43: 1 | AU43: 900000 | AV43: 2740000 | AW43: 297 | AY43: 381 | AZ43: 1 | BA43: 寻车 | BG43: 1 | BJ43: 1 | BV43: 思域 宏达 本田 | BY43: 1 | BZ43: 5
A44: 42 | B44: Rezvani Beast X | C44: 野兽 | D44: Rezvani | E44: beast | F44: C | G44: ★★★★ | H44: 1.3 | I44: 2635 | J44: 2635 | K44: 299.4 | L44: 84.62 | M44: 69.2 | N44: 63.68 | O44: 7.783 | P44: 特殊 | Q44: 35 | R44: 20 | S44: 24 | T44: 32 | W44: 111 | AN44: 6 | AP44: 3 | AR44: 1 | AW44: 312 | AY44: 399 | BA44: 独家赛事 | BF44: 1 | BQ44: 1款 | BV44: 野兽 | BX44: 1 | BY44: 1 | BZ44: 5
A45: 43 | B45: TVR Griffith | C45: TVR | D45: TVR | E45: griffith | F45: C | G45: ★★★★ | H45: 2.0 | I45: 2751 | J45: 2641 | K45: 338.7 | L45: 69.28 | M45: 47.31 | N45: 37.49 | O45: 4.3 | P45: 特殊 | Q45: 35 | R45: 18 | S45: 21 | T45: 32 | W45: 106 | X45: 8000 | Y45: 12000 | Z45: 15000 | AA45: 19000 | AB45: 28000 | AC45: 37000 | AD45: 52000 | AE45: 64000 | AF45: 70000 | AG45: 76000 | AH45: 79000 | AL45: 1840000 | AM45: 12500 | AN45: 6 | AO45: 25000 | AP45: 3 | AQ45: 75000 | AR45: 1 | AU45: 900000 | AV45: 2740000 | AW45: 352 | AY45: 458 | AZ45: 7 | BA45: 旧版寻车 | BJ45: 1 | BY45: 1 | BZ45: 5
A46: 44 | B46: Ford Shelby GR-1 | C46: 大野马 | D46: Ford | E46: gr-1 | F46: C | G46: ★★★★ | H46: 2.1 | I46: 2909 | J46: 2642 | K46: 321.7 | L46: 75.32 | M46: 69.6 | N46: 66.63 | O46: 7.7 | P46: 特殊 | Q46: 35 | R46: 18 | S46: 21 | T46: 32 | W46: 106 | X46: 11550 | Y46: 12700 | Z46: 15000 | AA46: 18500 | AB46: 27800 | AC46: 37000 | AD46: 52000 | AE46: 63500 | AF46: 69500 | AG46: 76000 | AH46: 79000 | AL46: 1850200 | AM46: 12500 | AN46: 6 | AO46: 25000 | AP46: 3 | AQ46: 75000 | AR46: 1 | AU46: 900000 | AV46: 2750200 | AW46: 335 | AY46: 429 | BA46: 多人 | BE46: 1 | BG46: 1 | BQ46: 2款 | BU46: 1 | BV46: 大野马 福特 阿巴
A47: 45 | B47: Renault TreZor | C47: TreZor | D47: Renault | E47: trezor | F47: C | G47: ★★★★ | H47: 3.1 | I47: 2667 | J47: 2646 | K47: 306 | L47: 78.42 | M47: 63.39 | N47: 67.48 | P47: 稀有 | Q47: 50 | R47: 29 | S47: 38 | T47: 48 | W47: 165 | AG47: 120000 | AH47: 123000 | AL47: 972000 | AM47: 12500 | AN47: 6 | AO47: 25000 | AP47: 3 | AQ47: 75000 | AR47: 1 | AU47: 900000 | AW47: 307 | AY47: 392 | BA47: 通行证 | BH47: 1 | BQ47: 1款 | BV47: 雷诺 红头盔 | BY47: 1 | BZ47: 5
A48: 46 | B48: Jaguar XKR-S GT | C48: XKR | D48: Jaguar | E48: xkr-s | F48: C | G48: ★★★★ | H48: 5.3 | J48: 2700 | K48: 321.2 | L48: 72.92 | M48: 52.08 | N48: 60.42 | P48: 稀有 | Q48: 35 | R48: 38 | S48: 48 | T48: 58 | X48: 15000 | Y48: 18000 | Z48: 28000 | AA48: 36000 | AB48: 54000 | AC48: 72000 | AD48: 102000 | AE48: 124000 | AF48: 136000 | AG48: 150000 | AH48: 154000 | AL48: 3556000 | AW48: 334 | AY48: 428 | BA48: 联会赛事 | BV48: 捷豹
A49: 47 | B49: Porsche Taycan Turbo S | C49: 电蛙 | D49: Porsche | E49: taycan | F49: C | G49: ★★★★ | H49: 2.3 | I49: 2724 | J49: 2704 | K49: 278.8 | L49: 83.66 | M49: 75.47 | N49: 56.94 | P49: 特殊 | Q49: 35 | R49: 18 | S49: 21 | T49: 32 | W49: 106 | X49: 8000 | Y49: 12000 | Z49: 15000 | AA49: 19000 | AB49: 28000 | AC49: 37000 | AD49: 52000 | AE49: 64000 | AF49: 70000 | AG49: 76000 | AH49: 79000 | AL49: 1840000 | AM49: 12500 | AN49: 6 | AO49: 25000 | AP49: 3 | AQ49: 75000 | AR49: 1 | AU49: 900000 | AV49: 2740000 | AW49: 291 | AX49: 303 | AY49: 386 | BA49: 通行证 | BH49: 1 | BJ49: 1 | BP49: 1 | BQ49: 1款 | BV49: 保时捷 | BX49: 1 | BY49: 1 | BZ49: 5
A50: 48 | B50: Aston Martin V12 Speedster | C50: V12 | D50: Aston Martin | E50: v12 | F50: C | G50: ★★★★ | H50: 3.0 | I50: 2735 | J50: 2733 | K50: 312.9 | L50: 80.12 | M50: 57.27 | N50: 62.49 | P50: 特殊 | Q50: 35 | R50: 30 | S50: 41 | T50: 48 | W50: 154 | X50: 11550 | Y50: 12700 | Z50: 15000 | AA50: 18500 | AB50: 27800 | AC50: 37000 | AD50: 52000 | AE50: 63500 | AF50: 69500 | AG50: 76000 | AH50: 79000 | AL50: 1850200 | AM50: 12500 | AN50: 6 | AO50: 25000 | AP50: 3 | AQ50: 75000 | AR50: 1 | AU50: 900000 | AV50: 2750200 | AW50: 326 | AY50: 415 | BA50: 联会赛事 | BN50: 1 | BS50: 无顶 | BV50: 阿斯顿马丁 | BX50: 1 | BY50: 1 | BZ50: 5
A51: 49 | B51: Bentley Continental GT3🔑 | C51: 欧陆 GT3 | D51: Bentley | E51: continental | F51: C | G51: ★★★★★ | H51: 2.5 | I51: 2792 | J51: 2781 | K51: 301.3 | L51: 74.78 | M51: 72.59 | N51: 44.04 | P51: 特殊 | Q51: 🔑 | R51: 25 | S51: 30 | T51: 35 | U51: 40 | W51: 130 | AA51: 7900 | AB51: 11500 | AC51: 17000 | AD51: 25000 | AE51: 37000 | AF51: 55000 | AG51: 79000 | AM51: 12500 | AN51: 9 | AO51: 25000 | AP51: 4 | AQ51: 75000 | AR51: 2 | AU51: 1450000 | AW51: 314 | AY51: 402 | BA51: 大奖赛 | BG51: 1 | BM51: 1 | BO51: 1 | BP51: 1 | BV51: 宾利 | BW51: 原创（比国际服少） | BY51: 1 | BZ51: 6
A52: 50 | B52: Citroën DS Survolt | C52: DS龙 | D52: Citroën | E52: citroën_ds_survolt | F52: C | G52: ★★★★ | H52: 5.7 | J52: 2796 | K52: 291.4 | L52: 81.82 | M52: 81.42 | N52: 64.56 | P52: 稀有 | Q52: 35 | R52: 38 | S52: 48 | T52: 58 | W52: 179 | X52: 15000 | Y52: 18000 | Z52: 28000 | AA52: 36000 | AB52: 54000 | AC52: 72000 | AD52: 102000 | AM52: 18750 | AN52: 6 | AO52: 37500 | AP52: 3 | AR52: 1 | AW52: 304 | AX52: 329 | AY52: 415 | BA52: 联会赛事
A53: 51 | B53: Chevrolet Corvette C7.R🔑 | C53: C7R | D53: Chevrolet Corvette | E53: c7r | F53: C | G53: ★★★★★ | H53: 2.7 | I53: 2948 | J53: 2836 | K53: 303.6 | L53: 80.57 | M53: 47.14 | N53: 57.23 | P53: 特殊 | Q53: 🔑 | R53: 30 | S53: 38 | T53: 43 | U53: 48 | W53: 159 | X53: 2500 | Y53: 4100 | Z53: 6500 | AA53: 9800 | AB53: 14100 | AC53: 21600 | AD53: 31000 | AE53: 46000 | AF53: 67500 | AG53: 98000 | AH53: 125000 | AI53: 144000 | AL53: 2278000 | AM53: 15000 | AN53: 9 | AO53: 30000 | AP53: 4 | AQ53: 90000 | AR53: 2 | AU53: 1740000 | AV53: 4018000 | AW53: 316 | AY53: 404 | BA53: 通行证 | BG53: 1 | BH53: 1 | BJ53: 1 | BO53: 1 | BP53: 1 | BQ53: 1款 | BV53: 雪佛兰 克尔维特 | BY53: 1 | BZ53: 7
A54: 52 | B54: Ferrari F50 | C54: F50 | D54: Ferrari | E54: f50 | F54: C | G54: ★★★★ | H54: 4.0 | I54: 2576 | J54: 2838 | K54: 338.8 | L54: 73.82 | M54: 57.63 | N54: 61.34 | O54: 6.25 | P54: 稀有 | Q54: 35 | R54: 38 | S54: 42 | T54: 48 | W54: 163 | X54: 15000 | Y54: 18000 | Z54: 28000 | AA54: 36000 | AB54: 54000 | AC54: 72000 | AD54: 102000 | AE54: 124000 | AF54: 136000 | AG54: 150000 | AH54: 154000 | AL54: 3556000 | AM54: 21000 | AN54: 6 | AO54: 42000 | AP54: 3 | AQ54: 126000 | AR54: 1 | AU54: 1512000 | AV54: 5068000 | AW54: 353 | AY54: 459 | BA54: 周末爆冲 | BG54: 1 | BY54: 1 | BZ54: 5
A55: 53 | B55: Bolwell MK X Nagari 500 | C55: MK500 | D55: Bolwell | E55: mk500 | F55: C | G55: ★★★★ | H55: 3.5 | I55: 2857 | J55: 2854 | K55: 314.5 | L55: 81.59 | M55: 65.86 | N55: 63.02 | P55: 稀有 | Q55: 35 | R55: 30 | S55: 41 | T55: 48 | W55: 154 | X55: 14200 | Y55: 15600 | Z55: 18500 | AA55: 22800 | AB55: 34100 | AC55: 45500 | AD55: 64000 | AE55: 78000 | AF55: 85500 | AG55: 94000 | AH55: 97000 | AL55: 2276800 | AM55: 15000 | AN55: 6 | AO55: 30000 | AP55: 3 | AQ55: 90000 | AR55: 1 | AU55: 1080000 | AV55: 3356800 | AW55: 327 | AY55: 417 | BA55: 周末爆冲 | BG55: 1 | BX55: 1
A56: 54 | B56: Donkervoort D8 GTO Individual Series | C56: D8 | D56: Donkervoort | E56: d8 | F56: C | G56: ★★★★★ | H56: 4.0 | I56: 2800 | J56: 2991 | K56: 306.8 | L56: 85.56 | M56: 86.91 | N56: 64 | P56: 稀有 | Q56: 35 | R56: 35 | S56: 36 | T56: 38 | U56: 42 | W56: 186 | X56: 16000 | Y56: 20000 | Z56: 25000 | AA56: 33000 | AB56: 46000 | AC56: 62000 | AD56: 87000 | AE56: 118000 | AF56: 138000 | AG56: 154000 | AH56: 159000 | AI56: 164000 | AL56: 4088000 | AM56: 30000 | AN56: 9 | AO56: 60000 | AP56: 4 | AQ56: 180000 | AR56: 2 | AU56: 3480000 | AV56: 7568000 | AW56: 320 | AY56: 408 | BA56: 通行证 | BE56: 1 | BH56: 1 | BU56: 1 | BV56: 拖拉机
A57: 55 | B57: Volkswagen Electric R🔑 | C57: 大众电R | D57: Volkswagen | E57: vwer | F57: C | G57: ★★★★★ | H57: 3.1 | I57: 3054 | J57: 3062 | K57: 291.1 | L57: 88.6 | M57: 58.15 | N57: 68.06 | P57: 稀有 | Q57: 🔑 | R57: 30 | S57: 38 | T57: 43 | U57: 48 | W57: 159 | AD57: 39500 | AE57: 58500 | AF57: 86500 | AG57: 125000 | AH57: 159000 | AM57: 17500 | AN57: 9 | AO57: 35000 | AP57: 4 | AQ57: 105000 | AR57: 2 | AU57: 2030000 | AW57: 302 | AY57: 387 | BA57: 大奖赛 | BM57: 1 | BO57: 1 | BP57: 1 | BV57: 大众 | BY57: 1 | BZ57: 6
A58: 56 | B58: Mercedes-Benz CLK-GTR | C58: CLK GTR | D58: Mercedes-Benz | E58: clk | F58: C | G58: ★★★★★ | H58: 4.2 | I58: 3575 | J58: 3083 | K58: 332.7 | L58: 78.92 | M58: 70.49 | N58: 57.24 | P58: 稀有 | Q58: 35 | R58: 35 | S58: 36 | T58: 38 | U58: 42 | W58: 186 | X58: 16000 | Y58: 20000 | Z58: 25000 | AA58: 33000 | AB58: 46000 | AC58: 62000 | AD58: 87000 | AE58: 118000 | AF58: 138000 | AG58: 154000 | AH58: 159000 | AI58: 164000 | AL58: 4088000 | AM58: 28000 | AN58: 9 | AO58: 56000 | AP58: 4 | AQ58: 168000 | AR58: 2 | AU58: 3248000 | AV58: 7336000 | AW58: 346 | AY58: 448 | BA58: 周末爆冲 | BV58: 梅赛德斯奔驰
A59: 57 | B59: Maserati MC12🔑 | C59: MC12 | D59: Maserati | E59: mc12 | F59: C | G59: ★★★★★ | H59: 4.1 | I59: 3660 | J59: 3100 | K59: 342.9 | L59: 76.48 | M59: 72.36 | N59: 38.94 | P59: 稀有 | Q59: 🔑 | R59: 30 | S59: 38 | T59: 43 | U59: 48 | W59: 159 | X59: 10000 | Y59: 17000 | Z59: 24000 | AA59: 30000 | AB59: 44000 | AC59: 58000 | AD59: 78000 | AE59: 94000 | AF59: 106000 | AG59: 115000 | AH59: 122000 | AI59: 130000 | AL59: 3312000 | AM59: 21000 | AN59: 9 | AO59: 42000 | AP59: 4 | AQ59: 126000 | AR59: 2 | AU59: 2436000 | AV59: 5748000 | AW59: 357 | AY59: 466 | BA59: 大奖赛 | BM59: 1 | BO59: 1 | BV59: 玛莎拉蒂 | BY59: 1 | BZ59: 9
A60: 58 | B60: Arash AF10 | C60: 阿拉什 | D60: Arash | E60: arashaf10 | F60: C | G60: ★★★★ | H60: 3.3 | I60: 3112 | J60: 3109 | K60: 336.9 | L60: 78.71 | M60: 50.36 | N60: 59.53 | P60: 稀有 | Q60: 35 | R60: 38 | S60: 42 | T60: 48 | W60: 163 | X60: 10000 | Y60: 17000 | Z60: 24000 | AA60: 30000 | AB60: 44000 | AC60: 58000 | AD60: 78000 | AE60: 94000 | AM60: 20000 | AN60: 6 | AO60: 40000 | AP60: 3 | AQ60: 120000 | AR60: 1 | AW60: 351 | AY60: 455 | BA60: 通行证 | BH60: 1 | BP60: 1 | BY60: 1 | BZ60: 5
A61: 59 | B61: Nissan 370Z Nismo Neon Edition🔑 | C61: 370霓虹 | D61: Nissan | E61: 370zneon | F61: C | G61: ★★★★★ | H61: 3.6 | I61: 3121 | J61: 3121 | K61: 303.1 | L61: 76.12 | M61: 91.7 | N61: 80.03 | P61: 稀有 | Q61: 🔑 | R61: 35 | S61: 38 | T61: 48 | U61: 58 | W61: 179 | AM61: 17500 | AN61: 9 | AO61: 35000 | AP61: 4 | AQ61: 105000 | AR61: 2 | AU61: 2030000 | AW61: 316 | AY61: 403 | BA61: 惊艳亮相 | BI61: 1 | BO61: 1 | BT61: 1 | BV61: 日产 霓虹 花栗鼠
A62: 60 | B62: Saleen S1 | C62: 萨林S1 | D62: Saleen | E62: saleens1 | F62: C | G62: ★★★★ | H62: 3.3 | I62: 3144 | J62: 3148 | K62: 305.3 | L62: 76.74 | M62: 82.8 | N62: 74.07 | P62: 稀有 | Q62: 35 | R62: 38 | S62: 42 | T62: 48 | W62: 163 | AM62: 17500 | AN62: 6 | AO62: 35000 | AP62: 3 | AQ62: 105000 | AR62: 1 | AU62: 1260000 | AW62: 318 | AX62: 327 | AY62: 415 | BA62: 联会赛事 | BN62: 1 | BP62: 1 | BQ62: 2款 | BV62: 赛麟 | BY62: 1 | BZ62: 5
A63: 61 | B63: Porsche 911 50 Years Porsche Design | C63: 911 50周年 | D63: Porsche | E63: 91150 | F63: C | G63: ★★★★ | H63: 5.2 | J63: 3210 | K63: 312.1 | L63: 79.72 | M63: 84.61 | N63: 70.45 | P63: 稀有 | Q63: 35 | R63: 38 | S63: 48 | T63: 58 | X63: 15000 | Y63: 18000 | Z63: 28000 | AA63: 36000 | AB63: 54000 | AC63: 72000 | AD63: 102000 | AE63: 124000 | AF63: 136000 | AG63: 150000 | AH63: 154000 | AL63: 3556000 | AM63: 28000 | AN63: 6 | AO63: 56000 | AP63: 3 | AQ63: 168000 | AR63: 1 | AU63: 2016000 | AV63: 5572000 | AW63: 325 | AY63: 414 | BA63: 周末爆冲 | BV63: 保时捷
A64: 62 | B64: Porsche Mission R | C64: Mission R | D64: Porsche | E64: missionr | F64: C | G64: ★★★★ | H64: 5.0 | J64: 3229 | K64: 312.1 | L64: 87.92 | M64: 63.47 | N64: 62.72 | P64: 稀有 | Q64: 35 | R64: 38 | S64: 48 | T64: 58 | X64: 15000 | Y64: 18000 | Z64: 28000 | AA64: 36000 | AB64: 54000 | AC64: 72000 | AD64: 102000 | AE64: 124000 | AF64: 136000 | AG64: 150000 | AH64: 154000 | AL64: 3556000 | AM64: 28000 | AN64: 6 | AO64: 56000 | AP64: 3 | AQ64: 168000 | AR64: 1 | AU64: 2016000 | AV64: 5572000 | AW64: 325 | AY64: 414 | BA64: 联会赛事 | BV64: 保时捷 任务
A65: 63 | B65: Jaguar XJR-15 | C65: XJR-15 | D65: Jaguar | E65: xjr-15 | F65: C | G65: ★★★★★ | H65: 4.3 | J65: 3244 | K65: 320.6 | L65: 80.98 | M65: 71.28 | N65: 61.34 | P65: 稀有 | Q65: 35 | R65: 35 | S65: 36 | T65: 38 | U65: 42 | W65: 186 | X65: 16000 | Y65: 20000 | Z65: 25000 | AA65: 33000 | AB65: 46000 | AC65: 62000 | AM65: 30000 | AN65: 9 | AO65: 60000 | AP65: 4 | AQ65: 180000 | AR65: 2 | AW65: 334 | AY65: 427 | BA65: 周末爆冲 | BE65: 1 | BU65: 1 | BV65: 捷豹
A66: 64 | B66: TVR Sagaris | C66: Sagaris | D66: TVR | E66: sagaris | F66: C | G66: ★★★★ | H66: 5.1 | J66: 3246 | K66: 321 | L66: 75.52 | M66: 70.65 | N66: 74.61 | P66: 稀有 | Q66: 35 | R66: 38 | S66: 48 | T66: 58 | X66: 15000 | Y66: 18000 | Z66: 28000 | AA66: 36000 | AB66: 54000 | AC66: 72000 | AD66: 102000 | AE66: 124000 | AF66: 136000 | AG66: 150000 | AH66: 154000 | AL66: 3556000 | AM66: 28000 | AN66: 6 | AO66: 56000 | AP66: 3 | AQ66: 168000 | AR66: 1 | AU66: 2016000 | AV66: 5572000 | AW66: 334 | AY66: 428 | BA66: 通行证
A67: 65 | B67: Toyota GR Supra 2023 | C67: Supra2023 | D67: Toyota | E67: supra | F67: C | G67: ★★★★★ | H67: 5.5 | J67: 3258 | K67: 315.1 | L67: 80.38 | M67: 73.43 | N67: 56.83 | P67: 稀有 | Q67: 35 | R67: 35 | S67: 36 | T67: 38 | U67: 42 | W67: 186 | AW67: 338 | AY67: 431 | BA67: 通行证 | BV67: 丰田
A68: 66 | B68: Mercedes-Benz 2022 Showcar Vision AMG | C68: VisionAMG | D68: Mercedes-Benz | E68: visionamg | F68: C | G68: ★★★★ | H68: 4.6 | J68: 3288 | K68: 335.1 | L68: 75.32 | M68: 51.68 | N68: 59.18 | P68: 稀有 | Q68: 35 | R68: 38 | S68: 48 | T68: 58 | W68: 179 | X68: 16000 | Y68: 20000 | Z68: 25000 | AA68: 33000 | AB68: 46000 | AC68: 62000 | AD68: 87000 | AE68: 118000 | AF68: 138000 | AG68: 154000 | AH68: 159000 | AL68: 3432000 | AM68: 28000 | AN68: 6 | AO68: 56000 | AP68: 3 | AQ68: 168000 | AR68: 1 | AU68: 2016000 | AW68: 349 | AY68: 452 | BA68: 联会赛事 | BN68: 1 | BV68: 梅赛德斯奔驰
A69: 67 | B69: Arash AF8 Falcon Edition🔑 | C69: AF8 | D69: Arash | E69: af8 | F69: C | G69: ★★★★★ | H69: 3.5 | I69: 3289 | J69: 3289 | K69: 333.1 | L69: 76.78 | M69: 66.13 | N69: 77.1 | P69: 稀有 | Q69: 🔑 | R69: 35 | S69: 38 | T69: 48 | U69: 58 | W69: 179 | AM69: 20000 | AN69: 9 | AO69: 40000 | AP69: 4 | AQ69: 120000 | AR69: 2 | AU69: 2320000 | AW69: 347 | AY69: 449 | BA69: 大奖赛 | BM69: 1 | BO69: 1 | BQ69: 1款 | BV69: 阿拉什 | BY69: 1 | BZ69: 6
A70: 68 | B70: Jaguar XE SV Project 8 | C70: Project8 | D70: Jaguar | E70: project8 | F70: C | G70: ★★★★★ | H70: 3.8 | I70: 3483 | J70: 3289 | K70: 338.7 | L70: 78.28 | M70: 48.14 | N70: 62.98 | P70: 史诗 | Q70: 35 | R70: 35 | S70: 36 | T70: 38 | U70: 42 | W70: 186 | X70: 25400 | Y70: 29000 | Z70: 36300 | AA70: 47100 | AB70: 65300 | AC70: 87000 | AD70: 123500 | AE70: 167000 | AF70: 196000 | AG70: 218000 | AH70: 225000 | AI70: 232000 | AL70: 5806400 | AM70: 40000 | AN70: 9 | AO70: 80000 | AP70: 4 | AQ70: 240000 | AR70: 2 | AU70: 4640000 | AV70: 10446400 | AW70: 352 | AY70: 458 | BA70: 通行证 | BE70: 1 | BH70: 1 | BU70: 1 | BV70: 捷豹 | BY70: 1 | BZ70: 6
A71: 69 | B71: Ferrari Monza SP1 | C71: Monza | D71: Ferrari | E71: monza | F71: C | G71: ★★★★ | H71: 3.6 | I71: 3334 | J71: 3334 | K71: 319.6 | L71: 82.32 | M71: 62.53 | N71: 63.22 | P71: 稀有 | Q71: 35 | R71: 38 | S71: 48 | T71: 58 | W71: 179 | X71: 15000 | Y71: 18000 | Z71: 28000 | AA71: 36000 | AB71: 54000 | AC71: 72500 | AD71: 102000 | AE71: 124000 | AF71: 136000 | AG71: 150000 | AH71: 154000 | AL71: 3556000 | AM71: 20000 | AN71: 6 | AO71: 40000 | AP71: 3 | AQ71: 120000 | AR71: 1 | AU71: 1440000 | AV71: 4996000 | AW71: 333 | AY71: 425 | BA71: 周末爆冲 | BG71: 1 | BV71: 法拉利
A72: 70 | B72: Ares S1🔑 | C72: Ares | D72: Ares | E72: ares | F72: C | G72: ★★★★★ | H72: 3.9 | I72: 3859 | J72: 3377 | K72: 307.8 | L72: 89.55 | M72: 78.93 | N72: 68.93 | P72: 史诗 | Q72: 🔑 | R72: 38 | S72: 45 | T72: 48 | U72: 50 | W72: 181 | X72: 25400 | Y72: 29000 | Z72: 36300 | AA72: 47100 | AB72: 65300 | AC72: 87000 | AD72: 123500 | AE72: 167000 | AF72: 196000 | AG72: 218000 | AH72: 225000 | AI72: 232000 | AL72: 5806400 | AM72: 40000 | AN72: 9 | AO72: 80000 | AP72: 4 | AQ72: 240000 | AR72: 2 | AU72: 4640000 | AV72: 10446400 | AW72: 321 | AX72: 333 | AY72: 422 | BA72: 大奖赛 | BM72: 1 | BO72: 1 | BV72: 战神 | BY72: 1 | BZ72: 6
A73: 71 | B73: Porsche Panamera Turbo S | C73: 帕拉梅拉 | D73: Porsche | E73: panamera | F73: C | G73: ★★★★★ | H73: 4.2 | I73: 3971 | J73: 3403 | K73: 326.3 | L73: 88.03 | M73: 72.48 | N73: 58.56 | P73: 史诗 | Q73: 35 | R73: 35 | S73: 36 | T73: 38 | U73: 42 | W73: 186 | X73: 16000 | Y73: 20000 | Z73: 30000 | AA73: 45000 | AB73: 65000 | AC73: 87000 | AD73: 124000 | AE73: 167000 | AF73: 196000 | AG73: 218000 | AH73: 225000 | AI73: 232000 | AL73: 5700000 | AM73: 40000 | AN73: 9 | AO73: 80000 | AP73: 4 | AQ73: 240000 | AR73: 2 | AU73: 4640000 | AV73: 10340000 | AW73: 340 | AY73: 437 | BA73: 惊艳亮相 | BI73: 1 | BV73: 保时捷 | BY73: 1 | BZ73: 6
A74: 72 | B74: DS Automobiles DS E-Tense Performance | C74: DSP | D74: DS Automobiles | E74: dsp | F74: C | G74: ★★★★★★ | H74: 4.4 | J74: 3424 | K74: 318.7 | L74: 90.06 | M74: 76.68 | N74: 61.55 | P74: 史诗 | Q74: 35 | R74: 35 | S74: 35 | T74: 35 | U74: 36 | V74: 36 | X74: 16000 | Y74: 20000 | Z74: 25000 | AA74: 41000 | AB74: 57000 | AC74: 78000 | AD74: 106000 | AE74: 140000 | AF74: 180000 | AG74: 215000 | AH74: 235000 | AI74: 252000 | AJ74: 260000 | AL74: 6500000 | AM74: 36000 | AN74: 7 | AO74: 72000 | AP74: 5 | AQ74: 216000 | AR74: 3 | AU74: 5040000 | AV74: 11540000 | AW74: 332 | AY74: 424 | BA74: 特殊赛事 | BL74: 1
A75: 73 | B75: Mercedes-Benz Mercedes-AMG GT Black Series🔑 | C75: 梅奔BS | D75: Mercedes-Benz | E75: mbbs | F75: C | G75: ★★★★★★ | H75: 4.0 | I75: 4048 | J75: 3513 | K75: 335.6 | L75: 81.67 | M75: 60.63 | N75: 67.23 | P75: 史诗 | Q75: 🔑 | R75: 35 | S75: 36 | T75: 36 | U75: 38 | V75: 40 | W75: 185 | X75: 16000 | Y75: 20000 | Z75: 25000 | AA75: 41000 | AB75: 57000 | AC75: 78000 | AD75: 106000 | AE75: 140000 | AF75: 180000 | AG75: 215000 | AH75: 235000 | AI75: 252000 | AJ75: 260000 | AL75: 6500000 | AM75: 36000 | AN75: 7 | AO75: 72000 | AP75: 5 | AQ75: 216000 | AR75: 3 | AU75: 5040000 | AV75: 11540000 | AW75: 349 | AY75: 453 | BA75: 大奖赛 | BM75: 1 | BO75: 1 | BV75: 梅赛德斯 奔驰 | BY75: 1 | BZ75: 7
A76: 74 | B76: Dodge Charger SRT Hellcat Redeye Widebody | C76: 地狱猫 | D76: Dodge | E76: dodge_charger_srt_hellcat_redeye_widebody | F76: C | G76: ★★★★★ | H76: 5.8 | J76: 3518 | K76: 342.6 | L76: 76.31 | M76: 51.13 | N76: 58.64 | P76: 史诗 | Q76: ? | R76: ? | S76: ? | T76: ? | U76: ? | BA76: 通行证 | BV76: 道奇 充电器
A77: 75 | B77: Praga Bohema | C77: Bohema | D77: Praga | E77: bohema | F77: C | G77: ★★★★★ | H77: 5.2 | J77: 3553 | K77: 315.7 | L77: 80.72 | M77: 80.22 | N77: 69.65 | P77: 史诗 | Q77: 35 | R77: 35 | S77: 36 | T77: 38 | U77: 42 | W77: 186 | X77: 16000 | Y77: 20000 | Z77: 30000 | AA77: 45000 | AB77: 65000 | AC77: 87000 | AD77: 124000 | AE77: 167000 | AF77: 196000 | AG77: 218000 | AH77: 225000 | AI77: 232000 | AL77: 5700000 | AM77: 40500 | AN77: 7 | AO77: 81000 | AP77: 5 | AQ77: 243000 | AR77: 2 | AU77: 4698000 | AV77: 10398000 | AW77: 333 | AY77: 425 | BA77: 通行证
A78: 76 | B78: Mercedes-Benz C 63 AMG DTM | C78: C63 | D78: Mercedes-Benz | E78: mercedes_benz_c_63_amg_dtm | G78: ★★★★★ | H78: 5.8 | J78: 3773 | K78: 322.1 | L78: 80.81 | M78: 72.85 | N78: 68.98 | P78: 史诗 | Q78: 🔑 | R78: ? | S78: ? | T78: ? | U78: ? | BA78: 大奖赛 | BV78: 梅赛德斯奔驰
A79: 77 | B79: Maserati MC20 GT2🔑 | C79: MC20GT2 | D79: Maserati | E79: mc20gt2 | F79: C | G79: ★★★★★ | H79: 4.9 | J79: 3832 | K79: 336.3 | L79: 83.68 | M79: 63.95 | N79: 46.53 | P79: 史诗 | Q79: 🔑 | R79: 35 | S79: 38 | T79: 48 | U79: 58 | X79: 16000 | Y79: 20000 | Z79: 30000 | AA79: 45000 | AB79: 65000 | AC79: 87000 | AD79: 124000 | AE79: 167000 | AF79: 196000 | AG79: 218000 | AH79: 225000 | AI79: 232000 | AL79: 5700000 | AM79: 48000 | AN79: 7 | AO79: 96000 | AP79: 5 | AQ79: 288000 | AR79: 2 | AU79: 5568000 | AV79: 11268000 | AW79: 350 | AY79: 454 | BA79: 大奖赛 | BM79: 1 | BO79: 1 | BV79: 玛莎拉蒂
A80: 78 | B80: Aston Martin DBS 770 Ultimate🔑 | C80: DBS 770 | D80: Aston Martin | E80: 770 | F80: C | G80: ★★★★★ | H80: 5.6 | J80: 3922 | K80: 353.9 | L80: 77.55 | M80: 52.96 | N80: 43.03 | P80: 史诗 | Q80: 🔑 | R80: 30 | S80: 35 | T80: 40 | U80: 45 | W80: 150 | X80: 16000 | Y80: 20000 | Z80: 25000 | AA80: 33000 | AB80: 46000 | AC80: 62000 | AD80: 87000 | AE80: 118000 | AF80: 138000 | AG80: 154000 | AH80: 159000 | AI80: 164000 | AL80: 4088000 | AM80: 45000 | AN80: 9 | AO80: 90000 | AP80: 4 | AQ80: 270000 | AR80: 2 | AU80: 5220000 | AV80: 9308000 | AW80: 368 | AY80: 485 | BA80: 大奖赛 | BO80: 1 | BV80: 阿斯顿马丁
A81: 79 | B81: De Tomaso P900 | C81: P900 | D81: De Tomaso | E81: p900 | F81: C | G81: ★★★★★ | H81: 4.8 | J81: 3937 | K81: 331.8 | L81: 82.95 | M81: 62 | N81: 59.08 | P81: 史诗 | Q81: 35 | R81: 35 | S81: 36 | T81: 38 | U81: 42 | X81: 16000 | Y81: 20000 | Z81: 30000 | AA81: 45000 | AB81: 65000 | AC81: 87000 | AD81: 124000 | AE81: 167000 | AF81: 196000 | AG81: 218000 | AH81: 225000 | AI81: 232000 | AL81: 5700000 | AM81: 48000 | AN81: 7 | AO81: 96000 | AP81: 5 | AQ81: 288000 | AR81: 2 | AU81: 5568000 | AV81: 11268000 | AW81: 345 | AY81: 447 | BA81: 通行证 | BH81: 1 | BV81: 德托马索
A82: 80 | B82: Lamborghini Huracan Sterrato | C82: 飓风 Sterrato | D82: Lamborghini | E82: lamborghini_huracan_sterrato | F82: C | G82: ★★★★★★ | H82: 5.7 | J82: 3995 | K82: 334.5 | L82: 81.86 | M82: 64.86 | N82: 62.63 | P82: 史诗 | Q82: 🔑 | R82: 40 | S82: 42 | T82: 44 | U82: 46 | V82: 48 | W82: 220 | X82: 16000 | Y82: 20000 | Z82: 25000 | AA82: 33000 | AB82: 46000 | AC82: 62000 | AD82: 87000 | AE82: 118000 | AF82: 138000 | AG82: 154000 | AH82: 159000 | AI82: 164000 | AN82: 7 | AP82: 5 | AR82: 3 | AW82: 354 | AY82: 460 | BA82: 惊艳亮相 | BV82: 兰博基尼
A83: 81 | B83: Ferrari 296 GTB🔑 | C83: 296GTB | D83: Ferrari | E83: 296 | F83: C | G83: ★★★★★ | H83: 4.6 | J83: 4009 | K83: 341.6 | L83: 81.23 | M83: 65 | N83: 52.13 | P83: 史诗 | Q83: 🔑 | R83: 35 | S83: 38 | T83: 48 | U83: 58 | W83: 179 | X83: 16000 | Y83: 20000 | Z83: 30000 | AA83: 45000 | AB83: 65000 | AC83: 87000 | AD83: 124000 | AE83: 167000 | AF83: 196000 | AG83: 218000 | AH83: 225000 | AI83: 232000 | AL83: 5700000 | AM83: 56000 | AN83: 7 | AO83: 112000 | AP83: 5 | AQ83: 336000 | AR83: 2 | AU83: 6496000 | AV83: 12196000 | AW83: 355 | AY83: 463 | BA83: 大奖赛 | BM83: 1 | BO83: 1 | BV83: 法拉利
A84: 82 | B84: Ferrari Daytona SP3🔑 | C84: 戴通纳SP3 | D84: Ferrari | E84: daytonasp3 | F84: C | G84: ★★★★★ | H84: 4.5 | J84: 4073 | K84: 348.8 | L84: 80.46 | M84: 54.89 | N84: 60.3 | P84: 史诗 | Q84: 🔑 | R84: 35 | S84: 38 | T84: 48 | U84: 58 | W84: 179 | X84: 16000 | Y84: 20000 | Z84: 30000 | AA84: 45000 | AB84: 65000 | AC84: 87000 | AD84: 124000 | AE84: 167000 | AF84: 196000 | AG84: 218000 | AH84: 225000 | AI84: 232000 | AL84: 5700000 | AM84: 56000 | AN84: 9 | AO84: 112000 | AP84: 4 | AQ84: 336000 | AR84: 2 | AU84: 6496000 | AV84: 12196000 | AW84: 363 | AY84: 476 | BA84: 大奖赛 | BM84: 1 | BO84: 1 | BV84: 法拉利戴通纳
A85: 83 | B85: Nissan Z GT4 | C85: Z GT4 | D85: Nissan | E85: zgt4 | F85: C | G85: ★★★★★ | H85: 5.4 | J85: 4098 | K85: 345 | L85: 81.15 | M85: 54.32 | N85: 62.04 | P85: 史诗 | Q85: 35 | R85: 35 | S85: 36 | T85: 38 | U85: 42 | X85: 16000 | Y85: 20000 | Z85: 30000 | AA85: 45000 | AB85: 65000 | AC85: 87000 | AD85: 124000 | AE85: 167000 | AF85: 196000 | AG85: 218000 | AH85: 225000 | AI85: 232000 | AL85: 5700000 | AM85: 52500 | AN85: 9 | AO85: 105000 | AP85: 4 | AQ85: 315000 | AR85: 2 | AU85: 6090000 | AV85: 11790000 | AW85: 359 | AY85: 469 | BA85: 通行证
A86: 84 | B86: Exotic Rides W70 | C86: W70 | D86: Exotic Rides | E86: w70 | F86: B | G86: ★★★ | H86: 1.3 | I86: 2633 | J86: 2633 | K86: 329.7 | L86: 80.21 | M86: 45.2 | N86: 56.71 | O86: 5.966 | P86: 稀有 | Q86: 35 | R86: 35 | S86: 50 | W86: 120 | X86: 6000 | Y86: 7500 | Z86: 12000 | AA86: 15000 | AB86: 22000 | AC86: 35000 | AD86: 49000 | AE86: 74000 | AF86: 92000 | AG86: 117000 | AL86: 1718000 | AM86: 12500 | AN86: 6 | AO86: 25000 | AP86: 1 | AQ86: 75000 | AR86: 1 | AU86: 700000 | AV86: 2418000 | AW86: 342 | AY86: 441 | AZ86: 1 | BA86: 级别杯 | BB86: 1 | BD86: 1 | BE86: 1 | BQ86: 2款 | BU86: 1 | BV86: er | BY86: 1 | BZ86: 5
A87: 85 | B87: Ford GT | C87: 福特GT | D87: Ford | E87: fordgt | F87: B | G87: ★★★★ | H87: 1.3 | I87: 2816 | J87: 2816 | K87: 362.8 | L87: 77.54 | M87: 34.11 | N87: 48.64 | O87: 4.88 | P87: 稀有 | Q87: 40 | R87: 18 | S87: 24 | T87: 36 | W87: 118 | X87: 6000 | Y87: 7500 | Z87: 12000 | AA87: 20000 | AB87: 35000 | AC87: 45000 | AD87: 64000 | AE87: 78000 | AF87: 86000 | AG87: 94000 | AH87: 100000 | AL87: 2190000 | AM87: 15000 | AN87: 6 | AO87: 30000 | AP87: 4 | AQ87: 90000 | AR87: 2 | AU87: 1560000 | AV87: 3750000 | AW87: 377 | AY87: 500 | AZ87: 1 | BA87: 级别杯 | BD87: 1 | BE87: 1 | BG87: 1 | BQ87: Top Speed | BU87: 1 | BV87: 福特 极速是爹 | BY87: 1 | BZ87: 6
A88: 86 | B88: Dodge Viper ACR | C88: ACR | D88: Dodge | E88: acr | F88: B | G88: ★★★★ | H88: 1.3 | I88: 2816 | J88: 2827 | K88: 303.4 | L88: 77.32 | M88: 86.2 | N88: 68.94 | O88: 8.966 | P88: 稀有 | Q88: 40 | R88: 18 | S88: 24 | T88: 36 | W88: 118 | X88: 14200 | Y88: 15600 | Z88: 18500 | AA88: 22800 | AB88: 34100 | AC88: 45500 | AD88: 64000 | AE88: 78000 | AF88: 85500 | AG88: 94000 | AH88: 97000 | AL88: 2276800 | AM88: 15000 | AN88: 6 | AO88: 30000 | AP88: 4 | AQ88: 90000 | AR88: 2 | AU88: 1560000 | AV88: 3836800 | AW88: 316 | AY88: 404 | AZ88: 1 | BA88: 级别杯 | BD88: 1 | BE88: 1 | BQ88: 1款 | BU88: 1 | BV88: 道奇 蝰蛇 C蛇
A89: 87 | B89: Lamborghini Asterion | C89: 蓝牛 | D89: Lamborghini | E89: asterion | F89: B | G89: ★★★★ | H89: 1.3 | I89: 2983 | J89: 2983 | K89: 336.6 | L89: 81.05 | M89: 45.56 | N89: 68.21 | O89: 7.616 | P89: 稀有 | Q89: 40 | R89: 18 | S89: 24 | T89: 36 | W89: 118 | X89: 14200 | Y89: 15600 | Z89: 18500 | AA89: 22800 | AB89: 34100 | AC89: 45500 | AD89: 64000 | AE89: 78000 | AF89: 85500 | AG89: 94000 | AH89: 97000 | AL89: 2276800 | AM89: 15000 | AN89: 6 | AO89: 30000 | AP89: 4 | AQ89: 90000 | AR89: 2 | AU89: 1560000 | AV89: 3836800 | AW89: 350 | AY89: 455 | BA89: 每日任务 | BC89: 1 | BE89: 1 | BQ89: 国服2周年车贴 | BR89: 1 | BU89: 1 | BV89: 蓝牛 牛A 牛B 兰博基尼 | BY89: 1 | BZ89: 12
A90: 88 | B90: Aston Martin Vulcan | C90: 火神 | D90: Aston Martin | E90: vulcan | F90: B | G90: ★★★★ | H90: 1.3 | I90: 3012 | J90: 3000 | K90: 343.1 | L90: 78.7 | M90: 47.8 | N90: 64.79 | O90: 6.866 | P90: 稀有 | Q90: 40 | R90: 18 | S90: 24 | T90: 36 | W90: 118 | X90: 8000 | Y90: 12000 | Z90: 15000 | AA90: 28000 | AB90: 44000 | AC90: 58000 | AD90: 81000 | AE90: 99000 | AF90: 110000 | AG90: 120000 | AH90: 125000 | AL90: 2800000 | AM90: 17500 | AN90: 6 | AO90: 35000 | AP90: 4 | AQ90: 105000 | AR90: 2 | AU90: 1820000 | AV90: 4620000 | AW90: 357 | AY90: 466 | AZ90: 1 | BA90: 级别杯 | BE90: 1 | BG90: 1 | BQ90: 猩红魅影 | BU90: 1 | BV90: 阿斯顿马丁 火山 | BY90: 1 | BZ90: 6
A91: 89 | B91: Ford Mustang RTR Spec 5 10th Anniv. | C91: 野马RTR | D91: Ford | E91: rtr | F91: B | G91: ★★★★ | H91: 5.0 | J91: 3025 | K91: 335.2 | L91: 75.65 | M91: 46.89 | N91: 73.82 | P91: 稀有 | Q91: 25 | R91: 30 | S91: 35 | T91: 40 | W91: 130 | X91: 8000 | Y91: 12000 | Z91: 15000 | AA91: 28000 | AB91: 44000 | AC91: 58000 | AD91: 81000 | AE91: 99000 | AF91: 110000 | AG91: 120000 | AH91: 125000 | AL91: 2800000 | AM91: 22750 | AN91: 6 | AO91: 45500 | AP91: 4 | AQ91: 136500 | AR91: 2 | AU91: 2366000 | AV91: 5166000 | AW91: 349 | AY91: 452 | BA91: 通行证 | BV91: 福特
A92: 90 | B92: Pininfarina H2 Speed | C92: H2 | D92: Pininfarina | E92: h2 | F92: B | G92: ★★★★ | H92: 1.3 | I92: 3003 | J92: 3026 | K92: 318 | L92: 78.22 | M92: 86.5 | N92: 60.57 | O92: 6.716 | P92: 稀有 | Q92: 40 | R92: 18 | S92: 24 | T92: 36 | W92: 118 | X92: 8000 | Y92: 12000 | Z92: 15000 | AA92: 28000 | AB92: 44000 | AC92: 58000 | AD92: 81000 | AE92: 99000 | AF92: 110000 | AG92: 120000 | AH92: 125000 | AL92: 2800000 | AM92: 17500 | AN92: 6 | AO92: 35000 | AP92: 4 | AQ92: 105000 | AR92: 2 | AU92: 1820000 | AV92: 4620000 | AW92: 331 | AY92: 422 | AZ92: 1 | BA92: 级别杯 | BE92: 1 | BG92: 1 | BQ92: 1款 | BU92: 1 | BV92: 氢 | BY92: 1 | BZ92: 6
A93: 91 | B93: Porsche 911 GT1 Evolution | C93: 911GT1 | D93: Porsche | E93: 911gt1 | F93: B | G93: ★★★★ | H93: 2.3 | I93: 2735 | J93: 3049 | K93: 343.2 | L93: 75.15 | M93: 53.67 | N93: 68.89 | P93: 稀有 | Q93: 25 | R93: 30 | S93: 35 | T93: 40 | W93: 130 | X93: 18150 | Y93: 19900 | Z93: 23600 | AA93: 29000 | AB93: 43500 | AC93: 58000 | AD93: 81500 | AE93: 99500 | AF93: 109000 | AG93: 120000 | AH93: 123000 | AL93: 2900600 | AM93: 17500 | AN93: 6 | AO93: 35000 | AP93: 4 | AQ93: 105000 | AR93: 2 | AU93: 1820000 | AV93: 4720600 | AW93: 357 | AY93: 467 | AZ93: 1 | BA93: 寻车 | BG93: 1 | BV93: 保时捷 | BY93: 1 | BZ93: 6
A94: 92 | B94: Ferrari Roma | C94: 罗马 | D94: Ferrari | E94: roma | F94: B | G94: ★★★★ | H94: 2.9 | I94: 3069 | J94: 3061 | K94: 331.9 | L94: 77.46 | M94: 60.47 | N94: 66.78 | P94: 稀有 | Q94: 40 | R94: 45 | S94: 52 | T94: 63 | W94: 200 | X94: 8000 | Y94: 12000 | Z94: 15000 | AA94: 28000 | AB94: 44000 | AC94: 58000 | AD94: 81000 | AE94: 99000 | AF94: 110000 | AG94: 120000 | AH94: 125000 | AL94: 2800000 | AM94: 17500 | AN94: 6 | AO94: 35000 | AP94: 4 | AQ94: 105000 | AR94: 2 | AU94: 1820000 | AV94: 4620000 | AW94: 345 | AY94: 447 | AZ94: 1 | BA94: 寻车 | BG94: 1 | BU94: 1 | BV94: 法拉利 罗马
A95: 93 | B95: Artega Scalo SuperErelletra | C95: ASS | D95: Artega | E95: ass | F95: B | G95: ★★★★ | H95: 1.8 | I95: 3088 | J95: 3093 | K95: 316.3 | L95: 85.72 | M95: 57.94 | N95: 71.91 | O95: 9.06 | P95: 稀有 | Q95: 40 | R95: 18 | S95: 24 | T95: 36 | W95: 118 | X95: 6000 | Y95: 7500 | Z95: 12000 | AA95: 20000 | AB95: 35000 | AC95: 45000 | AD95: 64000 | AE95: 78000 | AF95: 86000 | AG95: 94000 | AH95: 100000 | AL95: 2190000 | AM95: 17500 | AN95: 6 | AO95: 35000 | AP95: 4 | AQ95: 105000 | AR95: 2 | AU95: 1820000 | AV95: 4010000 | AW95: 329 | AY95: 420 | AZ95: 1 | BA95: 寻车 | BD95: 1 | BG95: 1 | BV95: ass 斯卡洛
A96: 94 | B96: Nissan GT-R Nismo | C96: GTR | D96: Nissan | E96: gtr | F96: B | G96: ★★★★ | H96: 1.4 | I96: 3157 | J96: 3144 | K96: 329.9 | L96: 84.83 | M96: 60.69 | N96: 60.6 | O96: 6.483 | P96: 稀有 | Q96: 40 | R96: 18 | S96: 24 | T96: 36 | W96: 118 | X96: 8000 | Y96: 12000 | Z96: 15000 | AA96: 28000 | AB96: 44000 | AC96: 58000 | AD96: 81000 | AE96: 99000 | AF96: 110000 | AG96: 120000 | AH96: 125000 | AL96: 2800000 | AM96: 17500 | AN96: 6 | AO96: 35000 | AP96: 4 | AQ96: 105000 | AR96: 2 | AU96: 1820000 | AV96: 4620000 | AW96: 343 | AY96: 443 | AZ96: 1 | BA96: 级别杯 | BE96: 1 | BG96: 1 | BQ96: 3款 | BV96: GTR 日产 尼桑 | BY96: 1 | BZ96: 6
A97: 95 | B97: Cadillac Cien Concept | C97: 塞恩 | D97: Cadillac | E97: cien | F97: B | G97: ★★★★ | H97: 1.3 | I97: 3115 | J97: 3155 | K97: 368 | L97: 76.55 | M97: 36.14 | N97: 61.1 | O97: 5.933 | P97: 稀有 | Q97: 40 | R97: 18 | S97: 24 | T97: 36 | W97: 118 | AM97: 17500 | AN97: 6 | AO97: 35000 | AP97: 4 | AQ97: 105000 | AR97: 2 | AU97: 1820000 | AW97: 383 | AY97: 509 | BA97: 独家赛事 | BF97: 1 | BV97: 凯迪拉克 棺材 塞恩
A98: 96 | B98: Aston Martin Valour🔑 | C98: Valour | D98: Aston Martin | E98: valour | F98: B | G98: ★★★★ | H98: 5.1 | J98: 3178 | K98: 331 | L98: 78.23 | M98: 56.43 | N98: 60.73 | P98: 稀有 | Q98: 🔑 | R98: 38 | S98: 48 | T98: 58 | W98: 144 | X98: 10000 | Y98: 18000 | Z98: 25000 | AA98: 37000 | AB98: 54000 | AC98: 75000 | AD98: 102000 | AE98: 125000 | AF98: 140000 | AG98: 150000 | AH98: 154000 | AL98: 3560000 | AM98: 26250 | AN98: 6 | AO98: 52500 | AP98: 4 | AQ98: 157500 | AR98: 2 | AU98: 2730000 | AV98: 6290000 | AW98: 345 | AY98: 445 | BA98: 大奖赛 | BV98: 阿斯顿马丁
A99: 97 | B99: Ford GT MKII🔑 | C99: MK2 | D99: Ford | E99: mk2 | F99: B | G99: ★★★★ | H99: 2.8 | I99: 3200 | J99: 3198 | K99: 321 | L99: 86.25 | M99: 78.97 | N99: 67.89 | O99: 6.2 | P99: 稀有 | Q99: 🔑 | R99: 35 | S99: 55 | T99: 85 | W99: 175 | X99: 8000 | Y99: 12000 | Z99: 15000 | AA99: 28000 | AB99: 44000 | AC99: 58000 | AD99: 81000 | AE99: 99000 | AF99: 110000 | AM99: 17500 | AN99: 6 | AO99: 35000 | AP99: 4 | AQ99: 105000 | AR99: 2 | AU99: 1820000 | AW99: 335 | AY99: 429 | BA99: 大奖赛 | BM99: 1 | BO99: 1 | BP99: 1 | BV99: 福特 | BY99: 1 | BZ99: 6
A100: 98 | B100: Acura 2017 NSX | C100: 讴歌 | D100: Acura | E100: nsx | F100: B | G100: ★★★★ | H100: 1.3 | I100: 3199 | J100: 3208 | K100: 323.8 | L100: 84.32 | M100: 63.02 | N100: 54.67 | O100: 5.849 | P100: 稀有 | Q100: 40 | R100: 18 | S100: 24 | T100: 36 | W100: 118 | X100: 10000 | Y100: 18000 | Z100: 25000 | AA100: 37000 | AB100: 54000 | AC100: 75000 | AD100: 102000 | AE100: 125000 | AF100: 140000 | AG100: 150000 | AH100: 154000 | AL100: 3560000 | AM100: 20000 | AN100: 6 | AO100: 40000 | AP100: 4 | AQ100: 120000 | AR100: 2 | AU100: 2080000 | AV100: 5640000 | AW100: 337 | AY100: 433 | AZ100: 11 | BA100: 旧版寻车 | BG100: 1 | BU100: 1 | BV100: 讴歌 | BY100: 1 | BZ100: 6
...

Sheet 统计数据
A1: 版本 | B1: 2.0.0
A2: 蓝色零件 | B2: =SUM(全车数据表!AM3:AM96)*4 -> 6787000
A3: 紫色零件 | B3: =SUM(全车数据表!AO3:AO96)*4 -> 13574000
A4: MAX金币 | B4: =SUM(全车数据表!AU3:AU96) -> 158954000 | D4: 相当于开服以来每天赚 | E4: =B4/DATEDIF(DATE(2019,8,8),TODAY(),"d") -> 65278.85
B7: =A7 -> 0

Sheet 数据卡片
A1: _id | B1: fullName | C1: car_id | D1: brand | E1: releaseVersion | F1: nickName | G1: carClass | H1: star | I1: quality | J1: star_1 | K1: star_2 | L1: star_3 | M1: star_4 | N1: star_5 | O1: star_6 | P1: rank | Q1: topSpeed | R1: acceleration | S1: handling | T1: nitro | U1: nitroDuration | V1: stageCost | W1: uncommonPartCost | X1: partCost | Y1: totalCost | Z1: uncommonPart | AA1: rarePart | AB1: epicPart | AC1: nitroSpeed | AD1: blueSpeed | AE1: airSpeed | AF1: getMethod | AG1: getLoot | AH1: getGoals | AI1: getClassCup | AJ1: getStore | AK1: getExclusive | AL1: getHunt | AM1: getLegendPass | AN1: getUnleash | AO1: getClassicMP | AP1: get1vs1 | AQ1: getSpecialEvent | AR1: getGrandPrix | AS1: getDriveSyndicate | AT1: keyCar | AU1: decals | AV1: decalsExclusive | AW1: bodyParts | AX1: openCar | AY1: nitroVisuals | AZ1: storeEpicPart | BA1: keyWords | BB1: packLevel
A2: =全车数据表!A3 -> 1 | B2: =全车数据表!B3 -> Mitsubishi Lancer Evolution | C2: =全车数据表!E3 -> lancer | D2: =IF(全车数据表!D3="","",全车数据表!D3) -> Mitsubishi | E2: =全车数据表!H3 -> 1.3 | F2: =全车数据表!C3 -> 三菱 | G2: =全车数据表!F3 -> D | H2: =LEN(全车数据表!G3) -> 3 | I2: =VLOOKUP(全车数据表!P3,辅助计算!A:B,2,FALSE) -> uncm | J2: =全车数据表!Q3 -> 5 | K2: =全车数据表!R3 -> 8 | L2: =全车数据表!S3 -> 30 | M2: =全车数据表!T3 -> 0 | N2: =全车数据表!U3 -> 0 | O2: =全车数据表!V3 -> 0 | P2: =全车数据表!J3 -> 1381 | Q2: =全车数据表!K3 -> 270.1 | R2: =全车数据表!L3 -> 55.03 | S2: =全车数据表!M3 -> 53.79 | T2: =全车数据表!N3 -> 68.19 | U2: =全车数据表!O3 -> 10.75 | V2: =全车数据表!AL3 -> 559000 | W2: =全车数据表!AM3 -> 5000 | X2: =全车数据表!AU3 -> 140000 | Y2: =全车数据表!AV3 -> 699000 | Z2: =全车数据表!AN3 -> 5 | AA2: =全车数据表!AP3 -> 1 | AB2: =全车数据表!AR3 -> 0 | AC2: =全车数据表!AW3 -> 282 | AD2: =全车数据表!AX3 -> 0 | AE2: =全车数据表!AY3 -> 363 | AF2: =IF(全车数据表!BA3="","",全车数据表!BA3) -> 级别杯 | AG2: =IF(全车数据表!BB3="","",全车数据表!BB3) | AH2: =IF(全车数据表!BC3="","",全车数据表!BC3) | AI2: =IF(全车数据表!BD3="","",全车数据表!BD3) -> 1 | AJ2: =IF(全车数据表!BE3="","",全车数据表!BE3) -> 1 | AK2: =IF(全车数据表!BF3="","",全车数据表!BF3) | AL2: =IF(全车数据表!BG3="","",全车数据表!BG3) | AM2: =IF(全车数据表!BH3="","",全车数据表!BH3) | ... BA2: =IF(全车数据表!BV3="","",全车数据表!BV3) -> 天赐三菱 | BB2: =IF(全车数据表!AZ3="","",全车数据表!AZ3) -> 1
A3: =全车数据表!A4 -> 2 | B3: =全车数据表!B4 -> BMW Z4 LCI E89 | C3: =全车数据表!E4 -> z4 | D3: =IF(全车数据表!D4="","",全车数据表!D4) -> BMW | E3: =全车数据表!H4 -> 1.3 | F3: =全车数据表!C4 -> Z4 | G3: =全车数据表!F4 -> D | H3: =LEN(全车数据表!G4) -> 3 | I3: =VLOOKUP(全车数据表!P4,辅助计算!A:B,2,FALSE) -> uncm | J3: =全车数据表!Q4 -> 5 | K3: =全车数据表!R4 -> 8 | L3: =全车数据表!S4 -> 45 | M3: =全车数据表!T4 -> 0 | N3: =全车数据表!U4 -> 0 | O3: =全车数据表!V4 -> 0 | P3: =全车数据表!J4 -> 1476 | Q3: =全车数据表!K4 -> 266.8 | R3: =全车数据表!L4 -> 68.86 | S3: =全车数据表!M4 -> 47.43 | T3: =全车数据表!N4 -> 57.49 | U3: =全车数据表!O4 -> 7.466 | V3: =全车数据表!AL4 -> 555000 | W3: =全车数据表!AM4 -> 5000 | X3: =全车数据表!AU4 -> 140000 | Y3: =全车数据表!AV4 -> 695000 | Z3: =全车数据表!AN4 -> 5 | AA3: =全车数据表!AP4 -> 1 | AB3: =全车数据表!AR4 -> 0 | AC3: =全车数据表!AW4 -> 278 | AD3: =全车数据表!AX4 -> 0 | AE3: =全车数据表!AY4 -> 359 | AF3: =IF(全车数据表!BA4="","",全车数据表!BA4) -> 级别杯 | AG3: =IF(全车数据表!BB4="","",全车数据表!BB4) | AH3: =IF(全车数据表!BC4="","",全车数据表!BC4) | AI3: =IF(全车数据表!BD4="","",全车数据表!BD4) -> 1 | AJ3: =IF(全车数据表!BE4="","",全车数据表!BE4) -> 1 | AK3: =IF(全车数据表!BF4="","",全车数据表!BF4) | AL3: =IF(全车数据表!BG4="","",全车数据表!BG4) | AM3: =IF(全车数据表!BH4="","",全车数据表!BH4) | ... BA3: =IF(全车数据表!BV4="","",全车数据表!BV4) -> 宝马 | BB3: =IF(全车数据表!AZ4="","",全车数据表!AZ4) -> 1
A4: =全车数据表!A5 -> 3 | B4: =全车数据表!B5 -> Chevrolet Camaro LT | C4: =全车数据表!E5 -> lt | D4: =IF(全车数据表!D5="","",全车数据表!D5) -> Chevrolet | E4: =全车数据表!H5 -> 1.3 | F4: =全车数据表!C5 -> LT | G4: =全车数据表!F5 -> D | H4: =LEN(全车数据表!G5) -> 3 | I4: =VLOOKUP(全车数据表!P5,辅助计算!A:B,2,FALSE) -> uncm | J4: =全车数据表!Q5 -> 5 | K4: =全车数据表!R5 -> 12 | L4: =全车数据表!S5 -> 30 | M4: =全车数据表!T5 -> 0 | N4: =全车数据表!U5 -> 0 | O4: =全车数据表!V5 -> 0 | P4: =全车数据表!J5 -> 1546 | Q4: =全车数据表!K5 -> 284.1 | R4: =全车数据表!L5 -> 64.81 | S4: =全车数据表!M5 -> 48.39 | T4: =全车数据表!N5 -> 63.29 | U4: =全车数据表!O5 -> 8.249 | V4: =全车数据表!AL5 -> 555000 | W4: =全车数据表!AM5 -> 5000 | X4: =全车数据表!AU5 -> 140000 | Y4: =全车数据表!AV5 -> 695000 | Z4: =全车数据表!AN5 -> 5 | AA4: =全车数据表!AP5 -> 1 | AB4: =全车数据表!AR5 -> 0 | AC4: =全车数据表!AW5 -> 296 | AD4: =全车数据表!AX5 -> 0 | AE4: =全车数据表!AY5 -> 380 | AF4: =IF(全车数据表!BA5="","",全车数据表!BA5) -> 级别杯 | AG4: =IF(全车数据表!BB5="","",全车数据表!BB5) -> 1 | AH4: =IF(全车数据表!BC5="","",全车数据表!BC5) | AI4: =IF(全车数据表!BD5="","",全车数据表!BD5) -> 1 | AJ4: =IF(全车数据表!BE5="","",全车数据表!BE5) -> 1 | AK4: =IF(全车数据表!BF5="","",全车数据表!BF5) | AL4: =IF(全车数据表!BG5="","",全车数据表!BG5) | AM4: =IF(全车数据表!BH5="","",全车数据表!BH5) | ... BA4: =IF(全车数据表!BV5="","",全车数据表!BV5) -> 雪佛兰科迈罗 | BB4: =IF(全车数据表!AZ5="","",全车数据表!AZ5) -> 1
A5: =全车数据表!A6 -> 4 | B5: =全车数据表!B6 -> Nissan 370Z Nismo | C5: =全车数据表!E6 -> 370 | D5: =IF(全车数据表!D6="","",全车数据表!D6) -> Nissan | E5: =全车数据表!H6 -> 1.3 | F5: =全车数据表!C6 -> 370 | G5: =全车数据表!F6 -> D | H5: =LEN(全车数据表!G6) -> 3 | I5: =VLOOKUP(全车数据表!P6,辅助计算!A:B,2,FALSE) -> uncm | J5: =全车数据表!Q6 -> 10 | K5: =全车数据表!R6 -> 12 | L5: =全车数据表!S6 -> 30 | M5: =全车数据表!T6 -> 0 | N5: =全车数据表!U6 -> 0 | O5: =全车数据表!V6 -> 0 | P5: =全车数据表!J6 -> 1662 | Q5: =全车数据表!K6 -> 268.5 | R5: =全车数据表!L6 -> 66.61 | S5: =全车数据表!M6 -> 81.83 | T5: =全车数据表!N6 -> 67.07 | U5: =全车数据表!O6 -> 10.35 | V5: =全车数据表!AL6 -> 554000 | W5: =全车数据表!AM6 -> 5000 | X5: =全车数据表!AU6 -> 140000 | Y5: =全车数据表!AV6 -> 694000 | Z5: =全车数据表!AN6 -> 5 | AA5: =全车数据表!AP6 -> 1 | AB5: =全车数据表!AR6 -> 0 | AC5: =全车数据表!AW6 -> 280 | AD5: =全车数据表!AX6 -> 0 | AE5: =全车数据表!AY6 -> 361 | AF5: =IF(全车数据表!BA6="","",全车数据表!BA6) -> 级别杯 | AG5: =IF(全车数据表!BB6="","",全车数据表!BB6) -> 1 | AH5: =IF(全车数据表!BC6="","",全车数据表!BC6) | AI5: =IF(全车数据表!BD6="","",全车数据表!BD6) -> 1 | AJ5: =IF(全车数据表!BE6="","",全车数据表!BE6) -> 1 | AK5: =IF(全车数据表!BF6="","",全车数据表!BF6) | AL5: =IF(全车数据表!BG6="","",全车数据表!BG6) | AM5: =IF(全车数据表!BH6="","",全车数据表!BH6) | ... BA5: =IF(全车数据表!BV6="","",全车数据表!BV6) -> 日产 尼桑 | BB5: =IF(全车数据表!AZ6="","",全车数据表!AZ6) -> 1
A6: =全车数据表!A7 -> 5 | B6: =全车数据表!B7 -> Dodge Challenger SRT8 | C6: =全车数据表!E7 -> srt8 | D6: =IF(全车数据表!D7="","",全车数据表!D7) -> Dodge | E6: =全车数据表!H7 -> 1.3 | F6: =全车数据表!C7 -> srt8 | G6: =全车数据表!F7 -> D | H6: =LEN(全车数据表!G7) -> 3 | I6: =VLOOKUP(全车数据表!P7,辅助计算!A:B,2,FALSE) -> uncm | J6: =全车数据表!Q7 -> 15 | K6: =全车数据表!R7 -> 20 | L6: =全车数据表!S7 -> 30 | M6: =全车数据表!T7 -> 0 | N6: =全车数据表!U7 -> 0 | O6: =全车数据表!V7 -> 0 | P6: =全车数据表!J7 -> 1683 | Q6: =全车数据表!K7 -> 308.4 | R6: =全车数据表!L7 -> 71.92 | S6: =全车数据表!M7 -> 37.98 | T6: =全车数据表!N7 -> 45.41 | U6: =全车数据表!O7 -> 5.05 | V6: =全车数据表!AL7 -> 554000 | W6: =全车数据表!AM7 -> 5000 | X6: =全车数据表!AU7 -> 140000 | Y6: =全车数据表!AV7 -> 694000 | Z6: =全车数据表!AN7 -> 5 | AA6: =全车数据表!AP7 -> 1 | AB6: =全车数据表!AR7 -> 0 | AC6: =全车数据表!AW7 -> 321 | AD6: =全车数据表!AX7 -> 0 | AE6: =全车数据表!AY7 -> 410 | AF6: =IF(全车数据表!BA7="","",全车数据表!BA7) -> 级别杯 | AG6: =IF(全车数据表!BB7="","",全车数据表!BB7) | AH6: =IF(全车数据表!BC7="","",全车数据表!BC7) | AI6: =IF(全车数据表!BD7="","",全车数据表!BD7) -> 1 | AJ6: =IF(全车数据表!BE7="","",全车数据表!BE7) -> 1 | AK6: =IF(全车数据表!BF7="","",全车数据表!BF7) | AL6: =IF(全车数据表!BG7="","",全车数据表!BG7) | AM6: =IF(全车数据表!BH7="","",全车数据表!BH7) | ... BA6: =IF(全车数据表!BV7="","",全车数据表!BV7) -> 道奇 挑战者 送人头 e霸 | BB6: =IF(全车数据表!AZ7="","",全车数据表!AZ7) -> 1
A7: =全车数据表!A8 -> 6 | B7: =全车数据表!B8 -> KTM X-Bow GTX | C7: =全车数据表!E8 -> gtx | D7: =IF(全车数据表!D8="","",全车数据表!D8) -> KTM | E7: =全车数据表!H8 -> 4.1 | F7: =全车数据表!C8 -> GTX | G7: =全车数据表!F8 -> D | H7: =LEN(全车数据表!G8) -> 3 | I7: =VLOOKUP(全车数据表!P8,辅助计算!A:B,2,FALSE) -> uncm | J7: =全车数据表!Q8 -> 20 | K7: =全车数据表!R8 -> 25 | L7: =全车数据表!S8 -> 30 | M7: =全车数据表!T8 -> 0 | N7: =全车数据表!U8 -> 0 | O7: =全车数据表!V8 -> 0 | P7: =全车数据表!J8 -> 1738 | Q7: =全车数据表!K8 -> 247.5 | R7: =全车数据表!L8 -> 83.84 | S7: =全车数据表!M8 -> 64.99 | T7: =全车数据表!N8 -> 66.99 | U7: =全车数据表!O8 -> 0 | V7: =全车数据表!AL8 -> 724000 | W7: =全车数据表!AM8 -> 6000 | X7: =全车数据表!AU8 -> 168000 | Y7: =全车数据表!AV8 -> 892000 | Z7: =全车数据表!AN8 -> 5 | AA7: =全车数据表!AP8 -> 1 | AB7: =全车数据表!AR8 -> 0 | AC7: =全车数据表!AW8 -> 258 | AD7: =全车数据表!AX8 -> 274 | AE7: =全车数据表!AY8 -> 350 | AF7: =IF(全车数据表!BA8="","",全车数据表!BA8) -> 周末爆冲 | AG7: =IF(全车数据表!BB8="","",全车数据表!BB8) | AH7: =IF(全车数据表!BC8="","",全车数据表!BC8) | AI7: =IF(全车数据表!BD8="","",全车数据表!BD8) | AJ7: =IF(全车数据表!BE8="","",全车数据表!BE8) | AK7: =IF(全车数据表!BF8="","",全车数据表!BF8) | AL7: =IF(全车数据表!BG8="","",全车数据表!BG8) | AM7: =IF(全车数据表!BH8="","",全车数据表!BH8) | ... BA7: =IF(全车数据表!BV8="","",全车数据表!BV8) | BB7: =IF(全车数据表!AZ8="","",全车数据表!AZ8)
A8: =全车数据表!A9 -> 7 | B8: =全车数据表!B9 -> Volkswagen XL Sport Concept | C8: =全车数据表!E9 -> xl | D8: =IF(全车数据表!D9="","",全车数据表!D9) -> Volkswagen | E8: =全车数据表!H9 -> 1.3 | F8: =全车数据表!C9 -> 大众 | G8: =全车数据表!F9 -> D | H8: =LEN(全车数据表!G9) -> 3 | I8: =VLOOKUP(全车数据表!P9,辅助计算!A:B,2,FALSE) -> uncm | J8: =全车数据表!Q9 -> 15 | K8: =全车数据表!R9 -> 20 | L8: =全车数据表!S9 -> 30 | M8: =全车数据表!T9 -> 0 | N8: =全车数据表!U9 -> 0 | O8: =全车数据表!V9 -> 0 | P8: =全车数据表!J9 -> 1814 | Q8: =全车数据表!K9 -> 291.2 | R8: =全车数据表!L9 -> 60.31 | S8: =全车数据表!M9 -> 62.02 | T8: =全车数据表!N9 -> 61.94 | U8: =全车数据表!O9 -> 7.65 | V8: =全车数据表!AL9 -> 727000 | W8: =全车数据表!AM9 -> 7500 | X8: =全车数据表!AU9 -> 210000 | Y8: =全车数据表!AV9 -> 937000 | Z8: =全车数据表!AN9 -> 5 | AA8: =全车数据表!AP9 -> 1 | AB8: =全车数据表!AR9 -> 0 | AC8: =全车数据表!AW9 -> 303 | AD8: =全车数据表!AX9 -> 0 | AE8: =全车数据表!AY9 -> 389 | AF8: =IF(全车数据表!BA9="","",全车数据表!BA9) -> 级别杯 | AG8: =IF(全车数据表!BB9="","",全车数据表!BB9) | AH8: =IF(全车数据表!BC9="","",全车数据表!BC9) | AI8: =IF(全车数据表!BD9="","",全车数据表!BD9) -> 1 | AJ8: =IF(全车数据表!BE9="","",全车数据表!BE9) -> 1 | AK8: =IF(全车数据表!BF9="","",全车数据表!BF9) | AL8: =IF(全车数据表!BG9="","",全车数据表!BG9) | AM8: =IF(全车数据表!BH9="","",全车数据表!BH9) | ... BA8: =IF(全车数据表!BV9="","",全车数据表!BV9) -> 大众 | BB8: =IF(全车数据表!AZ9="","",全车数据表!AZ9) -> 1
A9: =全车数据表!A10 -> 8 | B9: =全车数据表!B10 -> BMW 3.0 CSL Hommage | C9: =全车数据表!E10 -> hommage | D9: =IF(全车数据表!D10="","",全车数据表!D10) -> BMW | E9: =全车数据表!H10 -> 1.3 | F9: =全车数据表!C10 -> 宝马3.0 | G9: =全车数据表!F10 -> D | H9: =LEN(全车数据表!G10) -> 3 | I9: =VLOOKUP(全车数据表!P10,辅助计算!A:B,2,FALSE) -> uncm | J9: =全车数据表!Q10 -> 20 | K9: =全车数据表!R10 -> 20 | L9: =全车数据表!S10 -> 30 | M9: =全车数据表!T10 -> 0 | N9: =全车数据表!U10 -> 0 | O9: =全车数据表!V10 -> 0 | P9: =全车数据表!J10 -> 1827 | Q9: =全车数据表!K10 -> 297.5 | R9: =全车数据表!L10 -> 73.39 | S9: =全车数据表!M10 -> 50.08 | T9: =全车数据表!N10 -> 51.2 | U9: =全车数据表!O10 -> 5.782 | V9: =全车数据表!AL10 -> 727000 | W9: =全车数据表!AM10 -> 7500 | X9: =全车数据表!AU10 -> 210000 | Y9: =全车数据表!AV10 -> 937000 | Z9: =全车数据表!AN10 -> 5 | AA9: =全车数据表!AP10 -> 1 | AB9: =全车数据表!AR10 -> 0 | AC9: =全车数据表!AW10 -> 310 | AD9: =全车数据表!AX10 -> 0 | AE9: =全车数据表!AY10 -> 396 | AF9: =IF(全车数据表!BA10="","",全车数据表!BA10) -> 级别杯 | AG9: =IF(全车数据表!BB10="","",全车数据表!BB10) | AH9: =IF(全车数据表!BC10="","",全车数据表!BC10) | AI9: =IF(全车数据表!BD10="","",全车数据表!BD10) -> 1 | AJ9: =IF(全车数据表!BE10="","",全车数据表!BE10) -> 1 | AK9: =IF(全车数据表!BF10="","",全车数据表!BF10) | AL9: =IF(全车数据表!BG10="","",全车数据表!BG10) | AM9: =IF(全车数据表!BH10="","",全车数据表!BH10) | ... BA9: =IF(全车数据表!BV10="","",全车数据表!BV10) -> 宝马 | BB9: =IF(全车数据表!AZ10="","",全车数据表!AZ10) -> 1
A10: =全车数据表!A11 -> 9 | B10: =全车数据表!B11 -> Chevrolet Camaro ZL1 50TH Edition | C10: =全车数据表!E11 -> 50th | D10: =IF(全车数据表!D11="","",全车数据表!D11) -> Chevrolet | E10: =全车数据表!H11 -> 1.3 | F10: =全车数据表!C11 -> 50th | G10: =全车数据表!F11 -> D | H10: =LEN(全车数据表!G11) -> 3 | I10: =VLOOKUP(全车数据表!P11,辅助计算!A:B,2,FALSE) -> uncm | J10: =全车数据表!Q11 -> 20 | K10: =全车数据表!R11 -> 20 | L10: =全车数据表!S11 -> 30 | M10: =全车数据表!T11 -> 0 | N10: =全车数据表!U11 -> 0 | O10: =全车数据表!V11 -> 0 | P10: =全车数据表!J11 -> 1971 | Q10: =全车数据表!K11 -> 272.1 | R10: =全车数据表!L11 -> 78.14 | S10: =全车数据表!M11 -> 83.14 | T10: =全车数据表!N11 -> 72.33 | U10: =全车数据表!O11 -> 13.016 | V10: =全车数据表!AL11 -> 1082000 | W10: =全车数据表!AM11 -> 7500 | X10: =全车数据表!AU11 -> 210000 | Y10: =全车数据表!AV11 -> 1292000 | Z10: =全车数据表!AN11 -> 5 | AA10: =全车数据表!AP11 -> 1 | AB10: =全车数据表!AR11 -> 0 | AC10: =全车数据表!AW11 -> 284 | AD10: =全车数据表!AX11 -> 0 | AE10: =全车数据表!AY11 -> 365 | AF10: =IF(全车数据表!BA11="","",全车数据表!BA11) -> 传奇商店 | AG10: =IF(全车数据表!BB11="","",全车数据表!BB11) | AH10: =IF(全车数据表!BC11="","",全车数据表!BC11) | AI10: =IF(全车数据表!BD11="","",全车数据表!BD11) | AJ10: =IF(全车数据表!BE11="","",全车数据表!BE11) -> 1 | AK10: =IF(全车数据表!BF11="","",全车数据表!BF11) | AL10: =IF(全车数据表!BG11="","",全车数据表!BG11) | AM10: =IF(全车数据表!BH11="","",全车数据表!BH11) | ... BA10: =IF(全车数据表!BV11="","",全车数据表!BV11) -> 雪佛兰 科迈罗 | BB10: =IF(全车数据表!AZ11="","",全车数据表!AZ11) -> 8
A11: =全车数据表!A12 -> 10 | B11: =全车数据表!B12 -> DS Automobiles DS E-Tense | C11: =全车数据表!E12 -> ds | D11: =IF(全车数据表!D12="","",全车数据表!D12) -> DS Automobiles | E11: =全车数据表!H12 -> 1.3 | F11: =全车数据表!C12 -> DS | G11: =全车数据表!F12 -> D | H11: =LEN(全车数据表!G12) -> 3 | I11: =VLOOKUP(全车数据表!P12,辅助计算!A:B,2,FALSE) -> uncm | J11: =全车数据表!Q12 -> 20 | K11: =全车数据表!R12 -> 25 | L11: =全车数据表!S12 -> 30 | M11: =全车数据表!T12 -> 0 | N11: =全车数据表!U12 -> 0 | O11: =全车数据表!V12 -> 0 | P11: =全车数据表!J12 -> 1976 | Q11: =全车数据表!K12 -> 270.1 | R11: =全车数据表!L12 -> 76.07 | S11: =全车数据表!M12 -> 81.27 | T11: =全车数据表!N12 -> 72.3 | U11: =全车数据表!O12 -> 13.1 | V11: =全车数据表!AL12 -> 0 | W11: =全车数据表!AM12 -> 7500 | X11: =全车数据表!AU12 -> 210000 | Y11: =全车数据表!AV12 -> 0 | Z11: =全车数据表!AN12 -> 5 | AA11: =全车数据表!AP12 -> 1 | AB11: =全车数据表!AR12 -> 0 | AC11: =全车数据表!AW12 -> 282 | AD11: =全车数据表!AX12 -> 0 | AE11: =全车数据表!AY12 -> 363 | AF11: =IF(全车数据表!BA12="","",全车数据表!BA12) -> 级别杯 | AG11: =IF(全车数据表!BB12="","",全车数据表!BB12) | AH11: =IF(全车数据表!BC12="","",全车数据表!BC12) | AI11: =IF(全车数据表!BD12="","",全车数据表!BD12) | AJ11: =IF(全车数据表!BE12="","",全车数据表!BE12) | AK11: =IF(全车数据表!BF12="","",全车数据表!BF12) | AL11: =IF(全车数据表!BG12="","",全车数据表!BG12) | AM11: =IF(全车数据表!BH12="","",全车数据表!BH12) | ... BA11: =IF(全车数据表!BV12="","",全车数据表!BV12) -> 屌丝龙 | BB11: =IF(全车数据表!AZ12="","",全车数据表!AZ12) -> 8
A12: =全车数据表!A13 -> 11 | B12: =全车数据表!B13 -> Porsche Boxster 25th | C12: =全车数据表!E13 -> boxster | D12: =IF(全车数据表!D13="","",全车数据表!D13) -> Porsche | E12: =全车数据表!H13 -> 3.9 | F12: =全车数据表!C13 -> Boxster | G12: =全车数据表!F13 -> D | H12: =LEN(全车数据表!G13) -> 4 | I12: =VLOOKUP(全车数据表!P13,辅助计算!A:B,2,FALSE) -> rare | J12: =全车数据表!Q13 -> 20 | K12: =全车数据表!R13 -> 30 | L12: =全车数据表!S13 -> 41 | M12: =全车数据表!T13 -> 45 | N12: =全车数据表!U13 -> 0 | O12: =全车数据表!V13 -> 0 | P12: =全车数据表!J13 -> 1985 | Q12: =全车数据表!K13 -> 298.7 | R12: =全车数据表!L13 -> 72.12 | S12: =全车数据表!M13 -> 46.1 | T12: =全车数据表!N13 -> 54.35 | U12: =全车数据表!O13 -> 0 | V12: =全车数据表!AL13 -> 1758000 | W12: =全车数据表!AM13 -> 16500 | X12: =全车数据表!AU13 -> 1122000 | Y12: =全车数据表!AV13 -> 2880000 | Z12: =全车数据表!AN13 -> 7 | AA12: =全车数据表!AP13 -> 2 | AB12: =全车数据表!AR13 -> 1 | AC12: =全车数据表!AW13 -> 311 | AD12: =全车数据表!AX13 -> 0 | AE12: =全车数据表!AY13 -> 398 | AF12: =IF(全车数据表!BA13="","",全车数据表!BA13) -> 周末爆冲 | AG12: =IF(全车数据表!BB13="","",全车数据表!BB13) | AH12: =IF(全车数据表!BC13="","",全车数据表!BC13) | AI12: =IF(全车数据表!BD13="","",全车数据表!BD13) | AJ12: =IF(全车数据表!BE13="","",全车数据表!BE13) | AK12: =IF(全车数据表!BF13="","",全车数据表!BF13) | AL12: =IF(全车数据表!BG13="","",全车数据表!BG13) -> 1 | AM12: =IF(全车数据表!BH13="","",全车数据表!BH13) | ... BA12: =IF(全车数据表!BV13="","",全车数据表!BV13) -> 保时捷 | BB12: =IF(全车数据表!AZ13="","",全车数据表!AZ13)
A13: =全车数据表!A14 -> 12 | B13: =全车数据表!B14 -> Nissan Leaf Nismo RC | C13: =全车数据表!E14 -> rc | D13: =IF(全车数据表!D14="","",全车数据表!D14) -> Nissan | E13: =全车数据表!H14 -> 2.2 | F13: =全车数据表!C14 -> RC | G13: =全车数据表!F14 -> D | H13: =LEN(全车数据表!G14) -> 4 | I13: =VLOOKUP(全车数据表!P14,辅助计算!A:B,2,FALSE) -> uncm | J13: =全车数据表!Q14 -> 30 | K13: =全车数据表!R14 -> 12 | L13: =全车数据表!S14 -> 18 | M13: =全车数据表!T14 -> 28 | N13: =全车数据表!U14 -> 0 | O13: =全车数据表!V14 -> 0 | P13: =全车数据表!J14 -> 2101 | Q13: =全车数据表!K14 -> 250.6 | R13: =全车数据表!L14 -> 78.87 | S13: =全车数据表!M14 -> 59.91 | T13: =全车数据表!N14 -> 65.03 | U13: =全车数据表!O14 -> 11.4 | V13: =全车数据表!AL14 -> 912000 | W13: =全车数据表!AM14 -> 9000 | X13: =全车数据表!AU14 -> 612000 | Y13: =全车数据表!AV14 -> 1524000 | Z13: =全车数据表!AN14 -> 7 | AA13: =全车数据表!AP14 -> 2 | AB13: =全车数据表!AR14 -> 1 | AC13: =全车数据表!AW14 -> 261 | AD13: =全车数据表!AX14 -> 284 | AE13: =全车数据表!AY14 -> 361 | AF13: =IF(全车数据表!BA14="","",全车数据表!BA14) -> 寻车 | AG13: =IF(全车数据表!BB14="","",全车数据表!BB14) | AH13: =IF(全车数据表!BC14="","",全车数据表!BC14) | AI13: =IF(全车数据表!BD14="","",全车数据表!BD14) -> 1 | AJ13: =IF(全车数据表!BE14="","",全车数据表!BE14) | AK13: =IF(全车数据表!BF14="","",全车数据表!BF14) | AL13: =IF(全车数据表!BG14="","",全车数据表!BG14) -> 1 | AM13: =IF(全车数据表!BH14="","",全车数据表!BH14) | ... BA13: =IF(全车数据表!BV14="","",全车数据表!BV14) -> 日产 尼桑 聆风 | BB13: =IF(全车数据表!AZ14="","",全车数据表!AZ14) -> 1
... A325: =全车数据表!A326 -> 324 | B325: =全车数据表!B326 -> Koenigsegg Jesko Absolut | C325: =全车数据表!E326 -> jkab | D325: =IF(全车数据表!D326="","",全车数据表!D326) -> Koenigsegg | E325: =全车数据表!H326 -> 4.1 | F325: =全车数据表!C326 -> 杰皇 | G325: =全车数据表!F326 -> R | H325: =LEN(全车数据表!G326) -> 6 | I325: =VLOOKUP(全车数据表!P326,辅助计算!A:B,2,FALSE) -> ruby | J325: =全车数据表!Q326 -> 60 | K325: =全车数据表!R326 -> 60 | L325: =全车数据表!S326 -> 62 | M325: =全车数据表!T326 -> 62 | N325: =全车数据表!U326 -> 65 | O325: =全车数据表!V326 -> 70 | P325: =全车数据表!J326 -> 5664 | Q325: =全车数据表!K326 -> 548.1 | R325: =全车数据表!L326 -> 82.27 | S325: =全车数据表!M326 -> 50.53 | T325: =全车数据表!N326 -> 52.89 | U325: =全车数据表!O326 -> 4.3 | V325: =全车数据表!AL326 -> 50000000 | W325: =全车数据表!AM326 -> 150000 | X325: =全车数据表!AU326 -> 50000000 | Y325: =全车数据表!AV326 -> 100000000 | Z325: =全车数据表!AN326 -> 4 | AA325: =全车数据表!AP326 -> 8 | AB325: =全车数据表!AR326 -> 6 | AC325: =全车数据表!AW326 -> 559 | AD325: =全车数据表!AX326 -> 0 | AE325: =全车数据表!AY326 -> 600 | AF325: =IF(全车数据表!BA326="","",全车数据表!BA326) -> 擂台挑战 | AG325: =IF(全车数据表!BB326="","",全车数据表!BB326) | AH325: =IF(全车数据表!BC326="","",全车数据表!BC326) | AI325: =IF(全车数据表!BD326="","",全车数据表!BD326) | AJ325: =IF(全车数据表!BE326="","",全车数据表!BE326) | AK325: =IF(全车数据表!BF326="","",全车数据表!BF326) | AL325: =IF(全车数据表!BG326="","",全车数据表!BG326) | AM325: =IF(全车数据表!BH326="","",全车数据表!BH326) | ... BA325: =IF(全车数据表!BV326="","",全车数据表!BV326) -> 柯尼塞格 | BB325: =IF(全车数据表!AZ326="","",全车数据表!AZ326)

Sheet 辅助计算
A1: 特殊 | B1: uncm
A2: 稀有 | B2: rare
A3: 史诗 | B3: epic
A4: 传奇 | B4: ruby

Sheet 盘点
A1: 阵营 | B1: 说明 | C1: 车辆信息 | G1: 满改数据 | H1: 理由 | I1: 图纸获取方式 | J1: 金卡获取方式
C2: 全名 | D2: 别名 | E2: 级别 | F2: 版本 | G2: 性能分
A3: 白嫖无感车 | B3: 每一个车拎出来， 似乎都没有那么强 白嫖满星就完事咯 | C3: Mitsubishi Lancer Evolution | D3: 三菱 | E3: D | F3: 1.3 | G3: 1381 | J3: 不需要金卡
C4: BMW Z4 LCI E89 | D4: z4 | E4: D | F4: 1.3 | G4: 1476 | J4: 不需要金卡
C5: Chevrolet Camaro LT | D5: LT | E5: D | F5: 1.3 | G5: 1546 | J5: 不需要金卡
C6: Nissan 370Z Nismo | D6: 370 | E6: D | F6: 1.3 | G6: 1662 | J6: 不需要金卡
C7: Dodge Challenger SRT8 | D7: srt8 | E7: D | F7: 1.3 | G7: 1683 | J7: 不需要金卡
C8: Volkswagen XL Sport Concept | D8: 大众 | E8: D | F8: 1.3 | G8: 1814 | J8: 不需要金卡
C9: BMW 3.0 CSL hommage | D9: 宝马3.0 | E9: D | F9: 1.3 | G9: 1827 | J9: 不需要金卡
C10: Lotus Evora Sport 410 | D10: 莲花 | E10: C | F10: 1.3 | G10: 2123 | J10: 红币商店
C11: Dodge Challenger 392 Hemi Scat Pack | D11: 392 | E11: C | F11: 1.3 | G11: 2152 | J11: 红币商店
C12: Porsche 911 GTS Coupe | D12: 911GTS | E12: C | F12: 1.3 | G12: 2185 | J12: 红币商店
C13: Mercedes-Benz AMG GT S | D13: 奔驰 | E13: C | F13: 1.3 | G13: 2281 | J13: 红币商店
C14: Porsche 718 Cayman | D14: 718 | E14: C | F14: 1.3 | G14: 2344 | J14: 红币商店
C15: BMW M4 GTS | D15: m4 | E15: C | F15: 1.3 | G15: 2447 | J15: 红币商店
... C21: SCG 003S | D21: 003 | E21: A | F21: 1.3 | G21: 3534 | J21: 红币商店
A22: 常驻快乐车 | B22: 性能还不错 获取也简单 | C22: Chevrolet Camaro ZL1 50TH Edition | D22: 50th | E22: D | F22: 1.3 | G22: 1971 | H22: 快乐 | I22: 免费 | J22: 不需要金卡
C23: DS Automobiles DS E-Tense | D23: DS | E23: D | F23: 1.3 | G23: 1976 | H23: 快乐 | I23: 免费 | J23: 不需要金卡
C24: Aston Martin DB11 | D24: db11 | E24: C | F24: 1.3 | G24: 2330 | H24: 接近捷豹 | I24: 免费 | J24: 红币商店
C25: Rezvani Beast X | D25: 野兽 | E25: C | F25: 1.3 | G25: 2635 | H25: 上白金，刷周赛，工具车 | I25: 独家 | J25: 独家
C26: Exotic Rides W70 | D26: w70 | E26: B | F26: 1.3 | G26: 2633 | H26: 萌新上白金 | I26: 免费 | J26: 红币商店
C27: Lamborghini Asterion | D27: 牛A | E27: B | F27: 1.3 | G27: 2983 | H27: 每日任务，上白金好伙伴 | I27: 每日任务 | J27: 红币商店
C28: Nissan GT-R Nismo | D28: GTR | E28: B | F28: 1.4 | G28: 3144 | H28: 金币买满，加速滴神 | I28: 金币 | J28: 红币商店
C29: Cadillac Cien Concept | D29: 塞恩 | E29: B | F29: 1.3 | G29: 3155 | H29: 无情工具车 | I29: 独家 | J29: 独家
C30: Ferrari LaFerrari | D30: 拉法 | E30: A | F30: 1.3 | G30: 3445 | H30: 萌新上传奇 | I30: 免费 | J30: 红币商店
C31: Apollo N | D31: 菠萝 | E31: A | F31: 1.3 | G31: 3548 | H31: 昔日滴神 | I31: 免费 | J31: 红币商店
C32: McLaren P1™ | D32: P1 | E32: A | F32: 1.3 | G32: 3602 | H32: 俱乐部赛季固定给金卡 | I32: 俱乐部、寻车 | J32: 红币商店
C33: Icona Vulcano Titanium | D33: 火山 | E33: S | F33: 1.3 | G33: 3957 | H33: 萌新冲分 | I33: 免费 | J33: 红币商店
A34: 顶级常驻车 | B34: 肝满它！ | C34: Jaguar F-type SVR | D34: 捷豹 | E34: C | F34: 1.3 | G34: 2487 | H34: 周赛滴神 | I34: 免费 | J34: 红币商店
C35: VLF Force 1 V10 | D35: VLF | E35: A | F35: 1.3 | G35: 3929 | H35: 仅次于腾风 | I35: 独家 | J35: 独家
C36: Lamborghini Aventador J | D36: AVJ | E36: A | F36: 1.5 | G36: 4002 | H36: 常驻黄金，上传奇滴神 | I36: 红币 | J36: 红币商店
C37: W Motors Lykan HyperSport | D37: 狼崽 | E37: S | F37: 1.3 | G37: 4083 | H37: 杯赛滴神 | I37: 免费 | J37: 红币商店
C38: Trion Nemesis | D38: 复仇 | E38: S | F38: 1.3 | G38: 4344 | H38: 小杰哥 | I38: 独家 | J38: 独家
C39: W Motors Fenyr SuperSport | D39: 狼王 | E39: S | F39: 1.3 | G39: 4479 | H39: 4275 | I39: 经典多人 | J39: 多人/氪金
A40: 活动快乐车 | B40: 不错的活动车 | C40: Lotus Elise Sprint 220 | D40: 小莲花 | E40: C | F40: 1.3 | G40: 2363 | H40: 搅屎棍 | J40: 红币商店
C41: Artega Scalo SuperErelletra | D41: Artega | E41: B | F41: 1.8 | G41: 3093 | H41: 电力加速 | J41: 紫币
C42: Ferrari J50 | D42: J50 | E42: B | F42: 1.3 | G42: 3229 | H42: 均衡性能 | J42: 红币商店
C43: Dodge Viper GTS | D43: A蛇 | E43: B | F43: 1.5 | G43: 3295 | H43: 均衡性能 | J43: 红币商店
C44: Ferrari 488 GTB | D44: 488 | E44: B | F44: 1.6 | G44: 3334 | H44: 均衡性能 | J44: 红币商店
C45: Mercedes-Benz SLR McLaren | D45: SLR | E45: B | F45: 1.7 | G45: 3389 | H45: 搅屎棍 | J45: 赛事
C46: Aston Martin DBS SuperLeggera | D46: DBS | E46: B | F46: 2.2 | G46: 3423 | H46: 搅屎棍 | J46: 赛事
C47: Lamborghini Aventador SV Coupe | D47: SV | E47: A | F47: 1.4 | G47: 3763 | H47: 均衡性能 | J47: 红币商店
C48: Ferrari FXX K | D48: FXXK | E48: A | F48: 1.9 | G48: 3821 | H48: 加速，颜值 | J48: 红币商店
C49: Chevrolet Corvette Grand Sport | D49: 五菱 | E49: A | F49: 1.4 | G49: 3906 | H49: 黄金五菱，难免失灵 | J49: 红币商店
C50: Ferrari 812 SuperFast | D50: 812 | E50: A | F50: 1.8 | G50: 3941 | H50: 中规中矩 | J50: 赛事
C51: Aston Martin Vantage GT12 | D51: GT12 | E51: A | F51: 1.8 | G51: 3958 | H51: 搅屎棍 | J51: 赛事
C52: Porsche Carrera GT | D52: 卡雷拉 | E52: A | F52: 2.3 | G52: 4010 | H52: 搅屎棍（极速砍了） | J52: 赛事
... C54: Chevrolet Corvette ZR1 | D54: 大五菱 | E54: A | F54: 2.1 | G54: 4031 | H54: 其实和812五五开 | J54: 赛事
A55: 顶级活动车 | B55: 限时活动，不可错过！ | C55: Ginetta G60 | D55: G60 | E55: D | F55: 1.8 | G55: 2009 | H55: D霸，不过杯赛不需要D霸 | J55: 赛事
C56: Ford Shelby GR-1 | D56: 大野马 | E56: C | F56: 2.1 | G56: 2642 | H56: C霸 | J56: 赛事
C57: Lamborghini Huracan EVO Spyder | D57: EVO | E57: B | F57: 1.3 | G57: 3392 | H57: 4109，是人都有 | J57: 赛事
C58: TechRules AT96 Track Version🔑 | D58: 腾风 | E58: A | F58: 2.2 | G58: 4020 | H58: A霸 | J58: 赛事
A59: 命运悲痛车 | B59: 限时活动车辆 标注绿色为国际服强势车，国服由于升级而变弱 | C59: Nissan Leaf Nismo RC | D59: RC | E59: D | F59: 2.2 | G59: 2101 | H59: 极速霸主 | J59: 蓝币直购
C60: Porsche 911 Targa 4S | D60: D911 | E60: C | F60: 1.9 | G60: 2571 | H60: 不行 | J60: 蓝币直购
C61: Honda Civic Type-R | D61: 思域 | E61: C | F61: 2.0 | G61: 2627 | H61: 黄金思域，无所畏惧 | J61: 赛事
C62: TVR Griffith | D62: TVR | E62: C | F62: 2.0 | G62: 2641 | H62: 比野兽强，但无用 | J62: 蓝币直购
C63: Porsche Taycan Turbo S | D63: 电蛙 | E63: C | F63: 2.3 | G63: 2704 | H63: 一般般 | J63: 通行证、特赛
C64: Porsche 911 GT1 Evolution | D64: 911GT1 | E64: B | F64: 2.3 | G64: 3049 | H64: 一般般 | J64: 赛事
C65: Acura 2017 NSX | D65: nsx | E65: B | F65: 1.3 | G65: 3208 | H65: 一般般 | J65: 红币商店
C66: Maserati Alfieri | D66: 玛莎 | E66: B | F66: 1.4 | G66: 3209 | H66: 一般般 | J66: 红币商店
C67: Vencer Sarthe | D67: 剃刀 | E67: B | F67: 1.7 | G67: 3290 | H67: 一般般 | J67: 红币商店
C68: ItalDesign Zerouno | D68: 假牛 | E68: B | F68: 2.1 | G68: 3295 | H68: 一般般 | J68: 赛事
C69: Mazda Furai | D69: 风籁 | E69: B | F69: 2.1 | G69: 3408 | H69: 刷新B级下限 | J69: 赛事
C70: Porsche 718 Cayman GT4 ClubSport🔑 | D70: 718GT4 | E70: B | F70: 2.3 | G70: 3415 | H70: 一般般 | J70: 赛事
C71: Lamborghini Centenario | D71: 百年牛 | E71: A | F71: 1.3 | G71: 3696 | H71: C霸 | J71: 红币商店
... C74: Sin R1 550 | D74: sin | E74: A | F74: 1.7 | G74: 3950 | H74: 感人操控 | J74: 赛事
A75: 会员快乐车 | B75: 刷多人包即可满星 较为推荐 | C75: Porsche 918 Spyder | D75: 918 | E75: S | F75: 1.4 | G75: 4114 | H75: 常驻白金 | J75: 多人/赛事
C76: Lamborghini Egoista | D76: 自私 | E76: S | F76: 1.4 | G76: 4213 | H76: 正统S车 | J76: 多人/赛事
C77: Pagani Huayra BC | D77: BC | E77: S | F77: 1.4 | G77: 4292 | H77: 氮气贵族 | J77: 多人/赛事
C78: Genty Akylone | D78: AKL | E78: S | F78: 1.4 | G78: 4323 | H78: 干啥啥不行 | J78: 多人/赛事
C79: Lamborghini Terzo Millennio | D79: 千年牛 | E79: S | F79: 1.4 | G79: 4400 | H79: 贫民冲分神器 | J79: 多人/赛事
A80: 氪佬快乐车 | B80: 顶级性能 顶级价格 蓝色为未来车辆 | C80: Lamborghini Veneno | D80: 毒药 | E80: S | F80: 0.0 | G80: 4184 | H80: 颜值！ | J80: 多人/赛事
C81: Ferrari SF90 Stradale | D81: SF90 | E81: S | F81: 0.0 | G81: 4395 | H81: 虚假加速 | J81: 多人/赛事
C82: McLaren Senna | D82: Senna | E82: S | F82: 1.7 | G82: 4407 | H82: 顶级操控 | J82: 多人/赛事
C83: Zenvo TS1 GT Anniversary | D83: 自燃车 | E83: S | F83: 1.9 | G83: 4521 | H83: 也就和狼王五五开 | J83: 多人/赛事
C84: McLaren Speedtail | D84: 速尾 | E84: S | F84: 0.0 | G84: 4593 | H84: speeeeeeeeedtail | J84: 多人/赛事
C85: Koenigsegg Regera | D85: regera | E85: S | F85: 1.5 | G85: 4616 | H85: 谁tm开统治 | J85: 多人/赛事
C86: Lamborghini Sian FKP 37 | D86: Sian | E86: S | F86: 0.0 | G86: 4685 | H86: 顶级搅屎棍 | J86: 多人/赛事
C87: Bugatti Chiron | D87: 布加迪 | E87: S | F87: 1.6 | G87: 4755 | H87: 黄金布加迪，一天上传奇 | J87: 多人/赛事
C88: BXR Bailey Blade GT1 | D88: BXR | E88: S | F88: 0.0 | G88: 4764 | H88: 一言难尽 | J88: 多人/赛事
C89: Koenigsegg Jesko🔑 | D89: Jesko | E89: S | F89: 1.8 | G89: 4824 | H89: 极速是爹 | J89: 多人/赛事
C90: Rimac C Two🔑 | D90: C2 | E90: S | F90: 2.1 | G90: 4897 | H90: 加速王者 | J90: 多人/赛事
C91: SSC Tuatara🔑 | D91: 大蜥蜴 | E91: S | F91: 0.0 | G91: 4969 | H91: 同Jesko | J91: 多人/赛事
A92: 阴间点券车 | B92: 就摁酸 | C92: Vanda Electrics Dendrobium | D92: Vanda | E92: S | F92: 2.2 | G92: 4124 | H92: 高三维 | J92: 多人/赛事
C93: McLaren 570S Spider | D93: 570 | E93: S | F93: 1.5 | G93: 4135 | H93: 高极速 | J93: 多人/赛事
C94: Porsche 911 GT2 RS ClubSport🔑 | D94: 911GT2 | E94: S | F94: 2.3 | G94: 4289 | H94: 跳跳蛙 | J94: 多人/赛事
C95: Ferrari LaFerrari Aperta | D95: 黑拉法 | E95: S | F95: 1.7 | G95: 4293 | H95: 高操控，高极速 | J95: 多人/赛事
C96: Lotus Evija | D96: Evija | E96: S | F96: 2.0 | G96: 4432 | H96: B车，四维没特色 | J96: 多人/赛事
A97: 命运未知车 | B97: 等待版本更新 | C97: Bentley Continental GT3🔑 | D97: 欧陆 GT3 | E97: D | F97: 0.0 | G97: 2792
C98: Chevrolet Corvette C7.R🔑 | D98: C7R | E98: D | F98: 0.0 | G98: 2948
C99: Bentley Mulliner Bacalar | D99: Bacalar | E99: C | F99: 0.0 | G99: 3665
C100: Ferrari F40 | D100: F40 | E100: C | F100: 0.0 | G100: 3531
C101: Chevrolet Corvette Stingray | D101: 黄貂鱼 | E101: C | F101: 0.0 | G101: 3787
C102: Ferrari 599XX EVO🔑 | D102: XXE | E102: C | F102: 0.0 | G102: 3843
C103: Lamborghini Gallardo LP 560-4 | D103: 盖拉多 | E103: C | F103: 0.0 | G103: 3997
C104: Ford GT MKII🔑 | D104: MK2 | E104: B | F104: 0.0 | G104: 3200
C105: Apex AP-0 | D105: AP-0 | E105: B | F105: 0.0 | G105: 3946
C106: Ferrari Enzo Ferrari | D106: Enzo | E106: B | F106: 0.0 | G106: 4009
C107: Ferrari 488 GTB Challenge EVO🔑 | D107: 488EVO | E107: B | F107: 0.0 | G107: 4255
C108: Mclaren F1 LM🔑 | D108: F1 | E108: B | F108: 0.0 | G108: 4309
...

Sheet versionNoteAL
A1: _id | B1: releaseVersion | C1: note
A2: 0 | B2: 0.0 | C2: 尚未发布
A3: 1 | B3: 1.3 | C3: 开服
A4: 2 | B4: 1.4 | C4: 自私
A5: 3 | B5: 1.5 | C5: 统治
A6: 4 | B6: 1.6 | C6: 肥龙
A7: 5 | B7: 1.7 | C7: 塞纳
A8: 6 | B8: 1.8 | C8: 杰哥
A9: 7 | B9: 1.9 | C9: 自燃
A10: 8 | B10: 2.0 | C10: 电莲花
A11: 9 | B11: 2.1 | C11: C2
A12: 10 | B12: 2.2 | C12: 腾风
A13: 11 | B13: 2.3 | C13: 保时捷
... A47: 45 | B47: 5.8 | C47: 锐意争锋
